,timestep,samples,flow,density,velocity
421,1500,300,2147.9976,24.216639999999998,88.47554400000001
422,1800,300,2219.9976,21.91574,101.04129
431,4500,300,2340.0,20.845090000000003,114.408018
434,5400,300,2467.2024,19.97926,123.180912
435,5700,300,2301.6024,23.660700000000002,97.031088
442,7800,300,2344.8024000000005,22.558130000000002,103.68329400000002
443,8100,300,2304.0,23.00235,99.911232
447,9300,300,2412.0,21.22148,113.37316200000001
452,1800,300,2196.0,26.1478,89.870148
456,3000,300,2236.8023999999996,24.38821,91.48712400000002
460,4200,300,2280.0024,21.164289999999998,107.46
465,5700,300,2219.9976,22.89063,96.738786
469,6900,300,2232.0,21.98756,101.258694
473,8100,300,2248.7976000000003,25.67831,87.35666400000001
478,9600,300,2172.0024000000003,25.44024,85.164858
481,1500,300,2183.9975999999997,22.81482,103.53760199999999
485,2700,300,2349.5976,22.684479999999997,103.317066
486,3000,300,2124.0000000000005,29.36507,73.25694000000001
490,4200,300,2227.1976,21.59787,105.02071200000002
491,4500,300,2164.8024,23.123379999999997,95.21242200000002
494,5400,300,2183.9975999999997,22.00485,103.15782
495,5700,300,2172.0024000000003,25.12902,87.76641599999999
498,6600,300,2304.0,21.71757,105.823098
499,6900,300,2193.6024,25.49344,92.24901
503,8100,300,2097.5976,27.88611,81.512838
508,9600,300,2219.9976,25.574569999999998,86.58684000000001
509,9900,300,2147.9976,25.17956,91.540584
511,1500,300,2176.7976000000003,23.12604,95.729418
512,1800,300,2294.4024,22.40784,102.136842
515,2700,300,1992.0024,30.92383,65.190366
516,3000,300,2402.4024,20.43678,117.25711199999999
519,3900,300,2244.0024000000003,23.485139999999998,99.04815
520,4200,300,2196.0,20.91159,104.754114
524,5400,300,2078.4024,26.33533,78.724008
525,5700,300,2263.1976000000004,25.30192,89.22312
529,6900,300,2196.0,24.35762,89.92917
530,7200,300,2136.0024000000003,26.381880000000002,88.171686
534,8400,300,2236.8023999999996,25.821949999999998,91.09891800000001
535,8700,300,2107.2024,35.97783,58.422114
536,9000,300,2316.0024000000003,20.44875,112.97469600000001
539,9900,300,2268.0,20.46338,110.554308
541,1500,300,2183.9975999999997,26.36592,84.038256
542,1800,300,2023.2000000000003,33.41758,63.775079999999996
545,2700,300,2450.3976,21.16296,120.545334
546,3000,300,1833.6024000000002,34.11317,59.83821
547,3300,300,2409.6023999999998,20.95149,114.717708
550,4200,300,2039.9976,25.223450000000003,80.676
551,4500,300,2167.2,22.17376,99.48436200000002
554,5400,300,2289.6,22.83078,102.01696199999999
555,5700,300,2124.0000000000005,24.472,88.175574
556,6000,300,2291.9976,21.50876,106.29235800000001
558,6600,300,2255.9975999999997,20.70278,108.700866
559,6900,300,2147.9976,22.57941,94.895172
560,7200,300,2268.0,22.81615,99.15426
561,7500,300,2244.0024000000003,22.189719999999998,107.306964
563,8100,300,2244.0024000000003,24.734009999999998,93.861828
564,8400,300,2052.0,27.7039,76.32629999999999
565,8700,300,2316.0024000000003,21.83727,105.78961799999999
567,9300,300,2291.9976,23.683310000000002,96.53277599999998
568,9600,300,2316.0024000000003,23.43992,106.62343200000001
569,9900,300,2028.0024,25.695600000000002,87.81868800000001
571,1500,300,1800.0,32.20329,60.775218
575,2700,300,2253.6,26.105240000000002,89.13736800000001
576,3000,300,2030.3999999999999,31.04353,70.257456
577,3300,300,2174.4,26.30208,85.339062
578,3600,300,2395.2024,21.52339,111.00839400000001
580,4200,300,2172.0024000000003,26.607979999999998,84.23406
581,4500,300,2052.0,30.91984,68.15367
584,5400,300,2291.9976,20.89829,111.77152199999999
585,5700,300,2124.0000000000005,23.43593,90.402696
586,6000,300,2075.9976,26.0414,85.332474
589,6900,300,2219.9976,20.52589,107.88325200000001
590,7200,300,2183.9975999999997,25.735500000000002,84.649428
591,7500,300,2088.0,31.60745,67.797918
593,8100,300,2260.8,21.9583,102.70319400000001
594,8400,300,2248.7976000000003,20.392889999999998,109.99978200000001
595,8700,300,2155.1975999999995,31.81759,68.52227400000001
597,9300,300,2375.9999999999995,19.968619999999998,118.69092000000002
598,9600,300,2246.4,22.93186,97.713486
599,9900,300,2023.2000000000003,25.37241,80.95518
601,1500,300,1836.0,30.4304,64.91296799999999
602,1800,300,2200.8024,24.94548,89.59761
605,2700,300,1936.8000000000002,29.36773,71.15688
606,3000,300,1922.4,33.63836,59.35280400000001
609,3900,300,2241.5975999999996,23.69794,94.35544200000001
610,4200,300,2107.2024,24.27383,86.590674
611,4500,300,2119.1976,26.2808,83.24440200000001
614,5400,300,2136.0024000000003,28.033739999999998,85.465638
615,5700,300,2136.0024000000003,29.89441,74.592792
616,6000,300,2291.9976,21.665699999999998,105.52334400000001
618,6600,300,2150.4024,22.26686,96.332112
619,6900,300,2136.0024000000003,25.57989,84.761802
620,7200,300,2248.7976000000003,24.44673,91.75966199999999
621,7500,300,2311.2000000000003,20.907600000000002,110.265408
623,8100,300,2090.3976000000002,25.46285,84.84388200000001
624,8400,300,2064.0024,28.45535,72.353736
627,9300,300,2179.2024,24.64224,91.502622
628,9600,300,1881.5975999999998,30.176370000000002,63.12627
629,9900,300,2402.4024,21.12306,113.44854600000001
631,1500,300,2049.6024,26.71837,83.440746
632,1800,300,2039.9976,25.03725,85.834566
633,2100,300,2054.3976000000002,25.40699,80.659368
636,3000,300,1879.2,31.9067,60.427566
637,3300,300,2270.3976,21.92106,103.313556
639,3900,300,2304.0,20.557810000000003,111.796848
640,4200,300,1931.9976000000004,33.97352,57.474792
641,4500,300,1994.4,34.08391,59.926337999999994
642,4800,300,2181.6,21.57393,102.986154
645,5700,300,1944.0000000000002,31.019589999999997,62.513315999999996
646,6000,300,2054.3976000000002,29.24005,74.60958600000001
649,6900,300,2219.9976,21.86254,101.292336
650,7200,300,2052.0,25.410980000000002,81.978966
651,7500,300,2160.0,24.85238,88.27201799999999
654,8400,300,2160.0,23.38938,92.11800600000001
655,8700,300,2011.1976,31.80695,65.824596
656,9000,300,2248.7976000000003,24.57574,91.275552
658,9600,300,2232.0,24.2725,91.72450800000001
659,9900,300,1951.2,31.830889999999997,64.753506
661,1500,300,1864.8,31.34145,64.85562
662,1800,300,2052.0,28.03507,74.18525399999999
663,2100,300,2255.9975999999997,24.53052,91.73682000000001
665,2700,300,2147.9976,23.0223,94.895172
666,3000,300,1800.0,34.50685,57.1752
667,3300,300,2111.9976,25.448220000000003,84.252258
670,4200,300,1869.6023999999998,36.8011,51.927318
671,4500,300,2049.6024,27.896749999999997,75.694824
672,4800,300,2325.6,24.05571,96.43654799999999
673,5100,300,2407.1976,20.67219,124.146162
674,5400,300,1908.0,34.75157,55.473984
675,5700,300,2064.0024,23.83892,86.362308
676,6000,300,2208.0024,24.43077,90.15062400000001
678,6600,300,2253.6,20.6283,108.97761600000001
679,6900,300,2071.2024,30.99565,68.616936
680,7200,300,2023.2000000000003,26.800829999999998,76.567248
683,8100,300,2052.0,33.63171,66.08844
684,8400,300,1944.0000000000002,27.81562,74.460006
686,9000,300,2325.6,21.58989,107.44828199999999
687,9300,300,2028.0024,27.12934,74.56471200000001
688,9600,300,1944.0000000000002,24.63293,78.720012
689,9900,300,2316.0024000000003,21.83461,105.80641200000001
691,1500,300,1776.0024,32.9308,69.762168
692,1800,300,1989.5976,24.549139999999998,98.65907999999999
694,2400,300,2255.9975999999997,22.66985,99.268092
695,2700,300,1852.7975999999999,28.32235,65.25468000000001
696,3000,300,2049.6024,28.12684,80.279154
697,3300,300,2342.3976,23.79237,98.206992
698,3600,300,2268.0,22.288140000000002,101.502882
699,3900,300,2100.0024,28.412789999999998,73.72387800000001
700,4200,300,2083.1976,28.16807,78.729246
701,4500,300,2080.8,25.859189999999998,81.666414
702,4800,300,2280.0024,22.32405,101.87812800000002
703,5100,300,2232.0,22.163120000000003,100.45744200000001
704,5400,300,2162.3976000000002,27.202489999999997,81.96492599999999
705,5700,300,1944.0000000000002,32.61559,62.87333400000001
706,6000,300,2169.5975999999996,27.86483,82.94734800000002
708,6600,300,2152.8,23.92005,91.468872
709,6900,300,2147.9976,23.65272,90.58726800000001
710,7200,300,1992.0024,27.48977,73.466028
711,7500,300,2167.2,22.934520000000003,94.25780999999999
712,7800,300,2111.9976,29.39832,71.66043
713,8100,300,2181.6,24.12886,90.190098
714,8400,300,2006.4024,31.58218,69.198786
715,8700,300,2232.0,27.686609999999998,80.41356
716,9000,300,2183.9975999999997,26.5202,82.145286
717,9300,300,2160.0,25.71289,83.796012
718,9600,300,2111.9976,28.994,72.66067199999999
719,9900,300,2075.9976,28.18536,74.644848
721,1500,300,1545.6024,37.700179999999996,55.165536
722,1800,300,2039.9976,33.78998,61.845876000000004
724,2400,300,2404.7999999999997,20.04709,119.65687199999999
725,2700,300,1675.2024000000001,40.8177,44.306298
726,3000,300,1970.4024,34.38848,60.26162400000001
727,3300,300,2280.0024,22.861369999999997,99.48506400000001
729,3900,300,1972.8000000000002,27.01629,82.29416400000001
730,4200,300,1944.0000000000002,36.20526,53.560007999999996
731,4500,300,2133.5976,23.41731,90.88280999999999
732,4800,300,2412.0,20.3889,118.00479600000001
733,5100,300,2039.9976,26.074650000000002,78.03955800000001
734,5400,300,1956.0023999999999,27.30357,72.63826200000001
735,5700,300,2121.6024,24.58239,86.088474
736,6000,300,2111.9976,22.28016,98.476344
737,6300,300,2208.0024,20.52323,107.319114
738,6600,300,2104.7976,24.8311,92.84057999999999
739,6900,300,1944.0000000000002,33.888400000000004,57.980016000000006
740,7200,300,2015.9999999999998,25.25936,85.62213
743,8100,300,1850.4,30.310699999999997,66.75409800000001
744,8400,300,1956.0023999999999,28.3024,71.167356
745,8700,300,2100.0024,25.127689999999998,83.363634
746,9000,300,2248.7976000000003,22.28149,100.67511600000002
747,9300,300,2219.9976,20.515249999999998,107.941626
748,9600,300,2169.5975999999996,25.510730000000002,84.834972
749,9900,300,2018.3976,27.48977,79.664472
751,1500,300,1768.8024,26.44838,83.50581600000001
752,1800,300,1867.1976,34.82206,55.610279999999996
753,2100,300,2232.0,22.48365,101.01483
754,2400,300,2493.5976,20.18275,123.243714
755,2700,300,1783.2024,32.30969,59.10926400000001
756,3000,300,1852.7975999999999,29.32251,72.955944
757,3300,300,2203.2,20.27851,108.376488
759,3900,300,2196.0,21.895789999999998,100.04461199999999
760,4200,300,1672.7975999999999,37.1336,45.477774000000004
761,4500,300,2193.6024,25.836579999999998,84.692574
762,4800,300,2234.3976000000002,21.656390000000002,102.91903200000002
764,5400,300,1804.8024000000003,39.90665,48.915954000000006
765,5700,300,2124.0000000000005,28.565739999999998,75.337614
766,6000,300,2092.8024,25.54265,83.173608
767,6300,300,2147.9976,24.60633,93.83931
768,6600,300,2162.3976000000002,21.73619,99.237744
769,6900,300,2109.6000000000004,31.50105,66.802752
770,7200,300,2039.9976,23.82163,88.72518600000001
772,7800,300,2044.7999999999997,28.72135,71.01761400000001
773,8100,300,2196.0,26.489610000000003,88.62490799999999
774,8400,300,1886.4,29.282610000000002,65.24658000000001
775,8700,300,2068.7976,27.71986,80.91856800000001
776,9000,300,2179.2024,27.58952,82.77821999999999
777,9300,300,2208.0024,23.84424,92.369322
778,9600,300,2052.0,27.31953,77.43789000000001
779,9900,300,2064.0024,33.28857,62.68395600000001
781,1500,300,1620.0,34.86329,62.159994
782,1800,300,1903.1976000000002,26.98038,74.01337199999999
783,2100,300,2232.0,20.98075,106.118694
785,2700,300,1864.8,29.38768,65.265642
786,3000,300,1730.3976,44.50712,42.600815999999995
787,3300,300,2100.0024,31.27761,66.97236600000001
789,3900,300,2219.9976,26.3207,87.06549600000001
790,4200,300,1655.9999999999998,45.60969,40.116546
791,4500,300,2088.0,24.98937,83.346192
792,4800,300,2136.0024000000003,27.253030000000003,83.621106
793,5100,300,2388.0024,20.27319,117.497466
794,5400,300,1931.9976000000004,36.575,55.375164
795,5700,300,1992.0024,30.46897,70.33014
796,6000,300,1924.7975999999999,26.05071,77.667066
797,6300,300,2116.7999999999997,29.19084,73.451016
798,6600,300,2248.7976000000003,22.89063,99.93169800000001
799,6900,300,1881.5975999999998,30.675120000000003,63.959706
800,7200,300,1927.2024,31.88675,65.775078
801,7500,300,2260.8,21.46753,105.04776600000001
802,7800,300,2100.0024,26.012140000000002,84.869478
803,8100,300,2078.4024,26.76492,84.45448800000001
804,8400,300,1917.5976000000003,30.17903,65.30014800000001
805,8700,300,2114.4024,22.983729999999998,93.57141600000001
806,9000,300,2191.1976,26.03608,83.95137000000001
807,9300,300,1994.4,28.966070000000002,68.67941400000001
808,9600,300,2028.0024,27.509719999999998,78.603534
809,9900,300,2111.9976,30.000809999999998,72.36000000000001
811,1500,300,1420.7976,35.4046,57.229038
812,1800,300,1848.0023999999999,37.6656,52.66053000000001
813,2100,300,2327.9975999999997,21.71757,106.92556200000001
814,2400,300,2232.0,22.374589999999998,99.50515200000001
815,2700,300,1956.0023999999999,31.5742,62.673156000000006
816,3000,300,1751.9976000000001,37.11631,48.23755200000001
817,3300,300,2124.0000000000005,26.07864,81.24408
818,3600,300,2183.9975999999997,23.08747,96.208992
819,3900,300,2075.9976,23.455879999999997,93.59166600000002
820,4200,300,1776.0024,30.261490000000002,61.231626
821,4500,300,2111.9976,25.658360000000002,82.10457
822,4800,300,2147.9976,25.92702,82.641114
823,5100,300,2229.6024,20.46338,111.08653200000002
824,5400,300,1706.4,37.32512,47.878506
825,5700,300,1876.8023999999998,30.81344,61.64424
826,6000,300,2280.0024,22.62596,100.51959600000002
827,6300,300,2188.7999999999997,23.994529999999997,92.705904
828,6600,300,1927.2024,30.084600000000002,68.98284
829,6900,300,1848.0023999999999,27.80897,69.617934
830,7200,300,2066.4,28.72667,74.03832000000001
831,7500,300,2219.9976,24.986710000000002,88.624206
832,7800,300,2116.7999999999997,25.83126,81.740826
833,8100,300,1744.7975999999999,37.0006,54.178254
834,8400,300,2102.4,29.78668,72.567144
835,8700,300,2183.9975999999997,23.71922,91.847466
836,9000,300,2013.6024,29.10306,74.705382
837,9300,300,2052.0,25.61314,81.32211000000001
838,9600,300,2160.0,27.62809,87.852006
839,9900,300,1905.6024,38.075239999999994,57.257658
841,1500,300,1524.0023999999999,27.202489999999997,77.300784
842,1800,300,1787.9976,33.473440000000004,64.36508400000001
843,2100,300,2196.0,25.522699999999997,87.344244
844,2400,300,2241.5975999999996,25.09311,89.105778
845,2700,300,1783.2024,31.671290000000003,57.779298
846,3000,300,1715.9976,30.92782,59.619023999999996
847,3300,300,2128.8024,30.897229999999997,68.72671799999999
848,3600,300,2107.2024,23.39204,89.856486
849,3900,300,2147.9976,24.78322,86.454324
850,4200,300,1840.8023999999998,36.626870000000004,54.774468000000006
851,4500,300,1939.1976,28.01645,72.485658
852,4800,300,2160.0,26.79418,83.165994
853,5100,300,2111.9976,25.18754,85.14207
854,5400,300,1946.3976,28.43274,69.367698
855,5700,300,1864.8,35.63203,55.667952
856,6000,300,2080.8,31.12732,68.6367
857,6300,300,2136.0024000000003,23.930690000000002,89.033256
858,6600,300,2032.7976,27.56824,73.553508
859,6900,300,1908.0,37.08705,56.744172
860,7200,300,2064.0024,25.16227,84.811374
861,7500,300,1922.4,30.38651,67.017996
862,7800,300,2100.0024,24.85371,84.2832
863,8100,300,2183.9975999999997,25.086460000000002,86.839128
864,8400,300,1915.2,33.0372,60.252660000000006
865,8700,300,1948.8024,33.19946,60.996078000000004
866,9000,300,2015.9999999999998,29.41561,70.489278
867,9300,300,2136.0024000000003,27.08146,78.67616400000001
868,9600,300,1884.0023999999999,35.218399999999995,56.944188000000004
869,9900,300,2136.0024000000003,26.733,79.70157
871,1500,300,1363.1976,39.57548,52.640496
872,1800,300,1704.0024,34.43636,63.187614
875,2700,300,1262.3976,43.312780000000004,37.522818
876,3000,300,1864.8,29.928990000000002,64.0494
877,3300,300,2003.9976,25.99352,78.238548
878,3600,300,2532.0024,20.73603,121.80456000000001
879,3900,300,1413.5976,38.97964,41.34807000000001
880,4200,300,1876.8023999999998,40.08487,51.237846000000005
881,4500,300,2028.0024,35.14658,61.432182000000005
882,4800,300,2340.0,22.35065,104.43324600000001
883,5100,300,1728.0,35.91133,52.537518
884,5400,300,1999.2024,27.08811,76.112136
885,5700,300,1831.1976000000002,35.312830000000005,53.752302
886,6000,300,2164.8024,22.495620000000002,95.99067000000002
887,6300,300,1912.8023999999998,31.055500000000002,65.15910000000001
888,6600,300,2003.9976,34.53611,62.711118000000006
889,6900,300,1879.2,33.2234,65.110338
890,7200,300,2052.0,34.004110000000004,61.806294
891,7500,300,2083.1976,25.08912,84.315924
892,7800,300,1833.6024000000002,32.86829,57.993462
893,8100,300,2052.0,27.302239999999998,81.593676
894,8400,300,2003.9976,29.62974,69.54681599999999
895,8700,300,2052.0,32.04236,69.663186
896,9000,300,1814.4,33.328469999999996,55.035720000000005
897,9300,300,2109.6000000000004,28.497909999999997,73.843002
898,9600,300,2049.6024,30.66714,69.68781000000001
899,9900,300,1946.3976,32.85499,67.263642
901,1500,300,1243.2024,37.897020000000005,47.025846
902,1800,300,1692.0,34.49754,53.011908
903,2100,300,2412.0,20.4022,117.929574
904,2400,300,2366.4024,21.000700000000002,112.39775999999999
905,2700,300,1296.0,49.38157,30.569993999999998
906,3000,300,1869.6023999999998,31.70055,60.522984
907,3300,300,2239.2,22.19637,100.632132
908,3600,300,2260.8,20.75066,116.12295
909,3900,300,1499.9976000000001,46.89846,38.88864
910,4200,300,1879.2,36.03103,53.337906000000004
911,4500,300,2169.5975999999996,23.50908,92.056878
912,4800,300,2222.4024,26.256860000000003,84.428946
913,5100,300,1535.9976,38.6764,47.840652
914,5400,300,1908.0,33.210100000000004,57.307931999999994
915,5700,300,2100.0024,31.14062,68.23747800000001
916,6000,300,2138.4,23.628780000000003,95.660622
917,6300,300,1761.6024000000002,38.55936,48.349872000000005
918,6600,300,1895.9976,39.88404,48.497454000000005
919,6900,300,2124.0000000000005,25.899089999999998,81.80541000000001
920,7200,300,1992.0024,31.68193,71.75493
921,7500,300,1730.3976,42.014700000000005,44.870166000000005
922,7800,300,2131.2,27.1985,82.17973800000001
923,8100,300,1895.9976,33.8352,62.441766
924,8400,300,2083.1976,31.07545,72.00413999999999
925,8700,300,1701.5975999999998,42.56,42.072804
926,9000,300,2111.9976,24.2991,86.700672
927,9300,300,2054.3976000000002,29.41162,69.676416
928,9600,300,1759.1976,33.71018,53.462214
929,9900,300,1960.7975999999999,32.73529,60.56990999999999
931,1500,300,1308.0023999999999,40.38146,51.552665999999995
932,1800,300,1548.0,36.60027,53.129304000000005
933,2100,300,2208.0024,22.01948,100.023282
935,2700,300,1382.4,35.19446,55.162512
936,3000,300,1845.5976000000003,35.10801,53.10819
937,3300,300,2136.0024000000003,28.326340000000002,75.21773400000001
938,3600,300,2104.7976,29.93963,71.17902000000001
939,3900,300,1677.6000000000001,36.28506,54.826632
940,4200,300,1931.9976000000004,30.22425,64.71279
941,4500,300,2006.4024,31.796310000000002,64.748322
942,4800,300,2011.1976,27.932660000000002,75.413106
943,5100,300,1804.8024000000003,37.5326,49.72741200000001
944,5400,300,1953.5975999999998,28.64687,68.02407000000001
945,5700,300,1843.2,30.89324,62.191422
946,6000,300,2104.7976,26.36193,82.41620400000001
947,6300,300,1867.1976,25.605159999999998,79.632666
948,6600,300,1764.0000000000002,34.943090000000005,50.355918
949,6900,300,2092.8024,28.907549999999997,73.339668
950,7200,300,2066.4,32.418749999999996,68.249466
951,7500,300,1886.4,34.465619999999994,59.99772600000001
952,7800,300,1728.0,41.011880000000005,48.29252399999999
953,8100,300,2047.1976,27.175890000000003,77.676462
954,8400,300,1996.7975999999999,29.77338,68.95384200000001
955,8700,300,1927.2024,32.02507,64.490634
956,9000,300,1764.0000000000002,41.706140000000005,44.55918
957,9300,300,2003.9976,30.6565,67.147542
958,9600,300,2003.9976,29.45019,74.616984
959,9900,300,1836.0,31.76971,58.461156
961,1500,300,1442.3976,39.11397,49.004298000000006
962,1800,300,1535.9976,43.4112,43.790651999999994
963,2100,300,2028.0024,22.961119999999998,91.640268
964,2400,300,2390.3999999999996,22.274839999999998,107.045766
965,2700,300,1430.4024,32.81376,63.087606
966,3000,300,1862.4024,37.02055,52.705674
967,3300,300,2066.4,25.62378,81.859248
968,3600,300,2068.7976,28.65219,72.022986
969,3900,300,1560.0024,46.949,35.490474
970,4200,300,1812.0023999999999,35.7504,53.89988400000001
971,4500,300,2131.2,24.73667,85.937814
972,4800,300,1840.8023999999998,37.21606,49.33926
973,5100,300,1823.9976,34.042680000000004,65.36133
974,5400,300,1780.7975999999999,40.022360000000006,44.881128
975,5700,300,2100.0024,26.31804,82.370034
976,6000,300,1905.6024,33.00528,59.18238
977,6300,300,1848.0023999999999,38.221540000000005,49.967549999999996
978,6600,300,1867.1976,27.609469999999998,70.873272
979,6900,300,1992.0024,28.94878,69.705522
980,7200,300,1992.0024,28.96474,73.075662
981,7500,300,1735.2,39.01821,49.414104
982,7800,300,1884.0023999999999,30.96905,67.441518
983,8100,300,2039.9976,27.30357,78.344442
984,8400,300,1941.6024,29.968890000000002,69.78614400000001
985,8700,300,1737.5976,33.92298,51.769908
986,9000,300,2001.5999999999997,29.5659,70.711488
987,9300,300,2052.0,32.16339,64.528434
988,9600,300,1812.0023999999999,34.21824,54.958391999999996
989,9900,300,1687.1976,33.53595,52.986042
991,1500,300,1250.4024,44.67071,40.328981999999996
992,1800,300,1355.9976,40.38811,48.35149199999999
993,2100,300,2340.0,20.60303,113.28924599999999
995,2700,300,1123.2,56.441210000000005,30.334608000000003
996,3000,300,1742.3999999999999,35.803599999999996,53.880984
997,3300,300,1941.6024,29.544620000000002,68.644746
998,3600,300,2160.0,25.412309999999998,84.785994
999,3900,300,1555.2000000000003,33.85515,57.966678
1000,4200,300,1924.7975999999999,36.59495,54.444366
1001,4500,300,1751.9976000000001,35.67592,50.234796
1002,4800,300,2152.8,22.499609999999997,97.36254
1003,5100,300,1704.0024,35.78631,49.33013400000001
1004,5400,300,1944.0000000000002,34.09721,63.473328
1005,5700,300,1908.0,29.87712,69.928326
1006,6000,300,1895.9976,29.774710000000002,69.748884
1007,6300,300,1728.0,39.59809,46.110006
1008,6600,300,1812.0023999999999,36.5351,55.537758
1009,6900,300,2035.2024000000001,30.100559999999998,73.982538
1010,7200,300,1967.9976,30.59665,69.17270400000001
1011,7500,300,1670.3999999999999,37.40492,47.95605000000001
1012,7800,300,1895.9976,27.11471,69.748884
1013,8100,300,1915.2,29.37837,69.205266
1014,8400,300,1927.2024,28.660169999999997,73.93896
1015,8700,300,1641.6,39.78828,48.126312000000006
1016,9000,300,1848.0023999999999,34.272769999999994,55.956635999999996
1017,9300,300,2064.0024,31.219089999999998,65.949066
1018,9600,300,1931.9976000000004,35.343419999999995,57.407724
1019,9900,300,1735.2,29.9649,65.51701200000001
1020,1200,200,2466.0,19.98059,123.11211599999999
1021,1500,300,1370.3976,33.36837,65.23502400000001
1022,1800,300,1257.6024,45.669540000000005,49.630536
1023,2100,300,2104.7976,27.017619999999997,83.167398
1025,2700,300,1319.9976,33.71018,51.172344
1026,3000,300,1560.0024,39.00092,48.101526
1027,3300,300,2064.0024,32.21792,70.71489000000001
1028,3600,300,2160.0,23.20318,92.85597000000001
1029,3900,300,1540.8000000000002,39.751039999999996,42.451398
1030,4200,300,1679.9976000000001,38.93043,45.645444
1031,4500,300,1944.0000000000002,36.71731,52.81335
1032,4800,300,2064.0024,25.75678,79.932582
1033,5100,300,1509.6024,39.78828,50.136732
1034,5400,300,1895.9976,37.34507,51.874182
1035,5700,300,1963.2024,29.91303,67.467006
1036,6000,300,1900.8000000000002,29.29591,67.80002400000001
1037,6300,300,1776.0024,34.373850000000004,53.613252
1038,6600,300,1787.9976,33.71683,54.326159999999994
1039,6900,300,1960.7975999999999,33.13961,61.488611999999996
1040,7200,300,1812.0023999999999,32.45732,60.65879400000001
1041,7500,300,1704.0024,38.84930000000001,48.759732
1042,7800,300,1920.0023999999999,29.62974,67.67550000000001
1043,8100,300,1948.8024,31.679270000000002,62.233002
1044,8400,300,1723.1976000000002,35.72646,49.337046
1045,8700,300,1713.6,37.94224,46.686564
1046,9000,300,1963.2024,36.07758,58.601232
1047,9300,300,1967.9976,24.577070000000003,79.873884
1048,9600,300,1812.0023999999999,33.77535,59.79339
1049,9900,300,1704.0024,39.231010000000005,46.478016000000004
1051,1500,300,1317.6,42.47621,38.596716
1052,1800,300,1092.0024,57.964059999999996,31.201308
1053,2100,300,2136.0024000000003,22.982400000000002,92.710116
1055,2700,300,1312.7975999999999,45.617670000000004,38.41209
1056,3000,300,1588.8024,39.8202,47.148048
1057,3300,300,1816.7976,34.146420000000006,58.379940000000005
1058,3600,300,2435.9976,21.08848,115.224822
1059,3900,300,1211.9976000000001,46.17893,45.327923999999996
1060,4200,300,1639.2024000000001,34.39114,59.898095999999995
1061,4500,300,2039.9976,30.37853,67.976442
1062,4800,300,2064.0024,25.2168,81.646758
1063,5100,300,1452.0023999999999,42.44961,43.128612000000004
1064,5400,300,1780.7975999999999,35.02688,53.417772
1065,5700,300,1867.1976,30.608620000000002,64.59177600000001
1066,6000,300,1946.3976,29.50738,72.31739400000001
1067,6300,300,1651.1976,38.1311,46.433735999999996
1068,6600,300,1744.7975999999999,43.38992,42.271524
1069,6900,300,1915.2,32.41609,62.343593999999996
1070,7200,300,1859.9976000000001,34.90585,58.340897999999996
1071,7500,300,1701.5975999999998,43.56415,41.950926
1072,7800,300,1728.0,34.344590000000004,51.517511999999996
1073,8100,300,2015.9999999999998,34.08923,65.84144400000001
1074,8400,300,1884.0023999999999,33.525310000000005,59.186754
1075,8700,300,1706.4,39.73109,45.37215
1076,9000,300,1766.3975999999998,35.3514,52.473906
1077,9300,300,1891.2024,37.83318,52.314228
1078,9600,300,1876.8023999999998,37.648309999999995,54.897695999999996
1079,9900,300,1632.0024,44.70529,37.919124
1081,1500,300,1564.7975999999999,30.38518,84.76012800000001
1082,1800,300,1056.0023999999999,56.470470000000006,29.933172000000006
1083,2100,300,2124.0000000000005,24.94415,91.43998200000001
1084,2400,300,2133.5976,24.88164,97.72239600000002
1085,2700,300,1492.7975999999999,33.28724,85.93986600000001
1086,3000,300,1260.0,54.877129999999994,29.91087
1087,3300,300,2193.6024,24.26718,90.16936199999999
1088,3600,300,1992.0024,31.80429,69.230592
1089,3900,300,1454.4,43.48435,39.386142
1090,4200,300,1521.5976,40.392100000000006,43.830288
1091,4500,300,2049.6024,27.5709,74.15199
1092,4800,300,1967.9976,24.69677,79.485354
1093,5100,300,1315.2024,48.34417,34.390494000000004
1094,5400,300,1778.4,36.95538,51.72633000000001
1095,5700,300,1956.0023999999999,36.06827,57.637548
1096,6000,300,1908.0,28.92484,65.798514
1097,6300,300,1488.0023999999999,41.57314,40.447728
1098,6600,300,1804.8024000000003,38.06061,49.612500000000004
1099,6900,300,1999.2024,31.147270000000002,64.949094
1100,7200,300,1598.4000000000003,29.0206,63.69732
1101,7500,300,1776.0024,36.89021,48.60729
1102,7800,300,1804.8024000000003,30.52882,58.96913400000001
1103,8100,300,1927.2024,38.28405,51.404219999999995
1104,8400,300,1447.1999999999998,46.16962,37.800000000000004
1105,8700,300,1836.0,34.965700000000005,56.689416
1106,9000,300,1999.2024,29.41561,68.83218
1107,9300,300,1848.0023999999999,30.96905,66.15351
1108,9600,300,1430.4024,50.18888,32.771466000000004
1109,9900,300,1787.9976,33.107690000000005,60.33501
1111,1500,300,1252.8,46.08583,38.637918000000006
1112,1800,300,995.9975999999999,55.10722,33.297858
1115,2700,300,1070.4024,57.23256,25.062804000000003
1116,3000,300,1346.4,48.49579,36.770058000000006
1117,3300,300,2078.4024,24.14748,85.857516
1118,3600,300,2068.7976,24.30442,84.90906000000001
1119,3900,300,1156.8024,52.39136,29.856870000000004
1120,4200,300,1706.4,31.11269,62.756964
1121,4500,300,1884.0023999999999,31.65932,66.849948
1122,4800,300,2018.3976,29.16291,72.338184
1123,5100,300,1296.0,51.300760000000004,30.149982
1124,5400,300,1692.0,37.032520000000005,48.477473999999994
1125,5700,300,2073.6,28.07098,76.087512
1126,6000,300,1718.4024000000002,36.32895,60.463422
1127,6300,300,1353.6,47.12988,31.29894
1128,6600,300,1850.4,33.48142,59.035824
1129,6900,300,2244.0024000000003,23.0223,97.22889
1130,7200,300,1355.9976,45.118919999999996,34.368840000000006
1131,7500,300,1591.2,41.90963,42.352956000000006
1132,7800,300,1855.2024,27.56691,69.361704
1133,8100,300,1895.9976,35.58415,56.67948
1134,8400,300,1596.0024,38.974320000000006,44.93772
1135,8700,300,1596.0024,41.883030000000005,41.527242
1136,9000,300,1867.1976,33.07045,67.118274
1137,9300,300,1823.9976,32.69672,57.19734
1138,9600,300,1687.1976,39.80557,49.43727
1139,9900,300,1740.0023999999999,37.82121,51.303726000000005
1141,1500,300,1262.3976,40.261759999999995,50.88933
1142,1800,300,907.2,64.16053,22.014288
1143,2100,300,2107.2024,27.28362,80.98768799999999
1144,2400,300,2471.9976,21.5327,114.51672
1145,2700,300,1039.1976,56.221759999999996,25.191702000000003
1146,3000,300,1564.7975999999999,38.149719999999995,52.509221999999994
1147,3300,300,1908.0,33.1436,57.423384
1148,3600,300,2064.0024,27.21313,75.656484
1149,3900,300,1089.5976,58.093070000000004,24.264305999999998
1150,4200,300,1891.2024,33.97485,61.106345999999995
1151,4500,300,1836.0,32.27777,56.738825999999996
1152,4800,300,1778.4,32.44003,59.567616
1153,5100,300,1384.7976,46.72423,33.00831
1154,5400,300,1840.8023999999998,26.87132,75.839382
1155,5700,300,1855.2024,28.356930000000002,65.261052
1156,6000,300,1617.6024,39.24431,44.105364
1157,6300,300,1655.9999999999998,37.334430000000005,50.893056
1158,6600,300,1812.0023999999999,32.13546,57.032586
1159,6900,300,1809.5975999999998,37.71747,52.825446
1160,7200,300,1502.4024,45.7786,37.040922
1161,7500,300,1687.1976,38.97964,46.910124
1162,7800,300,1886.4,34.42306,59.241996
1163,8100,300,1744.7975999999999,39.16052,45.472913999999996
1164,8400,300,1442.3976,43.29549,41.259240000000005
1165,8700,300,1797.6024,34.26745,55.946592
1166,9000,300,1903.1976000000002,28.28511,81.10216799999999
1167,9300,300,1607.9976,37.0405,50.566572
1168,9600,300,1584.0000000000002,36.09886,56.192724
1169,9900,300,1761.6024000000002,38.34523,48.048227999999995
1171,1500,300,1252.8,46.50611,37.13790600000001
1172,1800,300,955.2024,52.80632,31.097466
1173,2100,300,2015.9999999999998,26.98304,75.773556
1175,2700,300,1195.1999999999998,48.558299999999996,32.584356
1176,3000,300,1319.9976,46.49281,41.32474200000001
1177,3300,300,1838.3975999999998,36.259789999999995,53.17520400000001
1178,3600,300,2198.3976,21.7854,100.660482
1179,3900,300,1101.6,65.86692000000001,24.16473
1180,4200,300,1603.2024000000001,45.67486,45.075474
1181,4500,300,1677.6000000000001,36.95538,50.763078
1182,4800,300,2133.5976,25.45354,88.222284
1183,5100,300,1185.6024,51.8833,28.071252
1184,5400,300,1641.6,37.02454,55.531602
1185,5700,300,1915.2,31.96389,65.19247200000001
1186,6000,300,1732.8024,36.98464,58.696974
1187,6300,300,1571.9976000000001,42.43498,40.322772
1188,6600,300,1531.2024,40.83632,43.00533
1189,6900,300,1888.7976000000003,31.21377,62.124030000000005
1190,7200,300,1615.1975999999997,32.56904,58.18041000000001
1191,7500,300,1653.6024,35.479079999999996,47.079522000000004
1192,7800,300,1751.9976000000001,40.763169999999995,46.957806000000005
1193,8100,300,1670.3999999999999,40.06492,49.86467999999999
1194,8400,300,1653.6024,43.206379999999996,43.537014
1195,8700,300,1663.2,36.176,50.84413200000001
1196,9000,300,1696.8023999999998,38.97033,48.386160000000004
1197,9300,300,1704.0024,42.9856,45.664236
1198,9600,300,1723.1976000000002,40.29767,44.11000799999999
1199,9900,300,1632.0024,42.00007,43.851186
1201,1500,300,1149.6024,52.32885,29.051783999999998
1202,1800,300,827.9999999999999,66.14356,20.206962
1203,2100,300,2042.4024,27.01097,77.985882
1204,2400,300,2280.0024,21.710919999999998,104.75433
1205,2700,300,1187.9999999999998,46.26139,37.996344
1206,3000,300,1187.9999999999998,56.70189,27.872748
1207,3300,300,1869.6023999999998,33.48541,56.440044
1208,3600,300,2018.3976,38.2774,53.845884000000005
1209,3900,300,1262.3976,43.980439999999994,41.044104
1210,4200,300,1521.5976,42.811370000000004,42.493086
1211,4500,300,1931.9976000000004,27.013630000000003,76.351302
1212,4800,300,1759.1976,38.27075,49.27775400000001
1213,5100,300,1240.7976,48.276340000000005,31.762854
1214,5400,300,1632.0024,43.01486,41.714999999999996
1215,5700,300,1823.9976,29.94628,62.611596
1216,6000,300,1787.9976,29.00464,63.430074
1217,6300,300,1427.9976000000001,40.33757,44.63397
1218,6600,300,1607.9976,46.4968,42.128046
1219,6900,300,1992.0024,31.13131,67.682196
1220,7200,300,1401.6023999999998,43.576119999999996,44.235611999999996
1221,7500,300,1598.4000000000003,49.02513,34.062174
1222,7800,300,1699.1999999999998,32.72864,51.788160000000005
1223,8100,300,1720.8000000000002,42.79275,42.303762000000006
1224,8400,300,1560.0024,42.30464,42.58521
1225,8700,300,1658.3975999999998,38.18696,47.756034
1226,9000,300,1778.4,32.12881,59.30528399999999
1227,9300,300,1569.6000000000001,37.80525,45.701820000000005
1228,9600,300,1499.9976000000001,44.685340000000004,39.33792
1229,9900,300,1768.8024,36.037679999999995,58.278960000000005
1231,1500,300,1322.4024,37.932930000000006,53.54920800000001
1232,1800,300,777.6000000000001,70.06706,20.099988
1233,2100,300,1771.2,38.86659,48.797586
1234,2400,300,2167.2,27.01895,85.62855599999999
1235,2700,300,1514.3976000000002,32.04103,63.961326
1236,3000,300,1000.7999999999998,62.22804,22.661856000000004
1237,3300,300,1780.7975999999999,32.80711,58.068197999999995
1238,3600,300,2097.5976,24.28979,86.14053000000001
1239,3900,300,1322.4024,38.72694,50.128848000000005
1240,4200,300,1317.6,46.72822,39.845898000000005
1241,4500,300,1862.4024,30.645860000000003,61.508484
1242,4800,300,1931.9976000000004,30.92516,66.108096
1243,5100,300,1132.7976,51.863350000000004,26.553798
1244,5400,300,1588.8024,41.98012,44.301222
1245,5700,300,1848.0023999999999,34.29804,58.26389400000001
1246,6000,300,1655.9999999999998,33.0372,64.77651
1247,6300,300,1368.0,48.90676,33.707394
1248,6600,300,1598.4000000000003,43.28086,43.005384
1249,6900,300,1874.3976000000002,35.399280000000005,52.81767000000001
1250,7200,300,1420.7976,49.43211,32.454756
1251,7500,300,1509.6024,43.62001,37.997478
1252,7800,300,1725.6024,36.37816,51.048414
1253,8100,300,1768.8024,34.63453,59.29011
1254,8400,300,1495.2024,43.9698,37.305954
1255,8700,300,1430.4024,46.268040000000006,36.015084
1256,9000,300,1821.6,40.50781,48.009510000000006
1257,9300,300,1524.0023999999999,41.094339999999995,43.574166
1258,9600,300,1620.0,40.830999999999996,42.83199
1259,9900,300,1545.6024,40.94804,41.715864
1261,1500,300,1471.1976000000002,35.33145,54.537354
1262,1800,300,660.0024,79.85054000000001,16.298172
1263,2100,300,1895.9976,34.39513,57.19901399999999
1264,2400,300,2219.9976,20.45141,108.280206
1265,2700,300,1310.3999999999999,43.50962,37.730772
1266,3000,300,1046.3976,62.84915,24.844968
1267,3300,300,1920.0023999999999,36.69071,61.924499999999995
1268,3600,300,2039.9976,29.46349,75.91762800000001
1269,3900,300,1051.2,56.82691,24.090426
1270,4200,300,1404.0,42.57463,39.47076
1271,4500,300,1970.4024,32.59032,60.307686
1272,4800,300,1692.0,37.98746,44.954028
1273,5100,300,1128.0024,54.31188,30.033179999999998
1274,5400,300,1655.9999999999998,39.21505,46.893924
1275,5700,300,1836.0,39.13658,47.880018
1276,6000,300,1531.2024,39.344060000000006,42.66675
1277,6300,300,1245.6,49.86835,29.351430000000004
1278,6600,300,1809.5975999999998,34.38449,54.60874200000001
1279,6900,300,1800.0,39.90133,51.263982000000006
1280,7200,300,1286.4024,44.27836,31.503384
1281,7500,300,1704.0024,31.01427,60.898284000000004
1282,7800,300,1778.4,32.94144,61.27288200000001
1283,8100,300,1437.6024,49.50393,36.898524
1284,8400,300,1322.4024,52.93532999999999,29.342304000000006
1285,8700,300,1737.5976,37.34108,58.154436
1286,9000,300,1675.2024000000001,30.84137,63.275904000000004
1287,9300,300,1521.5976,45.17345,41.300604
1288,9600,300,1387.2024000000001,48.005019999999995,36.174383999999996
1289,9900,300,1787.9976,36.35688,50.281614
1291,1500,300,1305.5976,35.43917999999999,63.94631400000001
1292,1800,300,511.19999999999993,90.96800999999999,13.99437
1293,2100,300,1797.6024,33.42955,59.12605800000001
1294,2400,300,2325.6,20.46737,113.33871
1295,2700,300,1341.5976,45.49132,35.259408
1296,3000,300,827.9999999999999,68.98843,17.640018
1297,3300,300,1812.0023999999999,32.67677,60.215346000000004
1298,3600,300,2157.6024,23.62479,92.83917600000001
1299,3900,300,1171.2024000000001,51.843399999999995,29.965571999999998
1300,4200,300,1048.8024,59.37785,23.379408
1301,4500,300,1855.2024,34.12115,54.950076
1302,4800,300,2018.3976,28.65751,76.145778
1303,5100,300,1044.0,56.22042999999999,23.772420000000004
1304,5400,300,1344.0024,42.77147,38.53283400000001
1305,5700,300,1908.0,29.93963,66.5253
1306,6000,300,1838.3975999999998,38.4237,55.395846
1307,6300,300,1027.2024000000001,62.50601,23.113998
1308,6600,300,1591.2,39.49036,45.85518
1309,6900,300,1953.5975999999998,34.05066,60.375186
1310,7200,300,1368.0,43.71444,41.25789
1311,7500,300,1154.3976,60.44052,25.136406
1312,7800,300,1766.3975999999998,38.81871,47.000519999999995
1313,8100,300,1872.0,29.545949999999998,63.20078999999999
1314,8400,300,1204.7976,50.323209999999996,31.700808000000002
1315,8700,300,1531.2024,45.575109999999995,35.590914
1316,9000,300,1584.0000000000002,40.046299999999995,45.499104
1317,9300,300,1857.6000000000001,34.34326,63.8442
1318,9600,300,1236.0023999999999,46.27602,34.172064
1319,9900,300,1584.0000000000002,40.79509,40.491792
1321,1500,300,1262.3976,44.62682,46.82393999999999
1322,1800,300,427.1976,99.08899,11.649420000000001
1323,2100,300,1992.0024,26.93649,80.381916
1324,2400,300,2003.9976,31.35608,63.752345999999996
1325,2700,300,1437.6024,38.86792,58.10184000000001
1326,3000,300,840.0024000000001,70.52591,18.884556
1327,3300,300,1920.0023999999999,32.08093,62.282250000000005
1328,3600,300,1987.1999999999998,33.62905,60.541290000000004
1329,3900,300,1096.7975999999999,53.556439999999995,30.166722
1330,4200,300,1056.0023999999999,60.37003,24.201828000000003
1331,4500,300,2052.0,28.42476,75.54313800000001
1332,4800,300,1663.2,33.16355,56.867508
1333,5100,300,1056.0023999999999,60.507020000000004,24.373656
1334,5400,300,1456.7976,53.33167,35.513694
1335,5700,300,1970.4024,30.96905,68.35833
1336,6000,300,1535.9976,42.71428,40.972500000000004
1337,6300,300,1180.8,58.07844,26.835354
1338,6600,300,1488.0023999999999,40.97331,40.134204000000004
1339,6900,300,1872.0,35.35672,59.531544
1340,7200,300,1327.1976,48.85755,32.038686
1341,7500,300,1293.6024,48.80435,31.26789
1342,7800,300,1648.8,44.73721,40.362461999999994
1343,8100,300,1728.0,33.804610000000004,53.812512
1344,8400,300,1303.2,52.64406,28.263006
1345,8700,300,1399.1976,49.77924,30.779082000000006
1346,9000,300,1780.7975999999999,38.14174,52.013232
1347,9300,300,1526.4,40.789770000000004,40.88205
1348,9600,300,1247.9976000000001,55.38785,28.671948
1349,9900,300,1574.4024,39.168499999999995,42.500322000000004
1351,1500,300,1394.4024,37.85978,51.945948
1352,1800,300,520.7976000000001,92.12112,12.765923999999998
1353,2100,300,1864.8,37.83318,67.30889400000001
1354,2400,300,2289.6,23.75247,106.05281400000001
1355,2700,300,1041.6024,65.7552,21.43827
1356,3000,300,815.9975999999999,72.32673,17.629434
1357,3300,300,1895.9976,34.85531,59.564052
1358,3600,300,2003.9976,33.29123,61.689330000000005
1359,3900,300,995.9975999999999,63.32662,22.445802
1360,4200,300,1116.0,58.00529,25.664526000000002
1361,4500,300,1905.6024,31.17653,67.71081600000001
1362,4800,300,1742.3999999999999,37.39694,51.344604000000004
1363,5100,300,938.3976,66.7926,18.741186000000003
1364,5400,300,1488.0023999999999,46.13637,37.172897999999996
1365,5700,300,1881.5975999999998,38.20026,53.476524
1366,6000,300,1416.0023999999999,43.02417,39.310164
1367,6300,300,1067.9976,62.193459999999995,23.493024
1368,6600,300,1668.0023999999999,41.09301,41.381874
1369,6900,300,1859.9976000000001,37.25995,51.637932000000006
1370,7200,300,1130.4,50.97757,28.582145999999998
1371,7500,300,1322.4024,47.96778,31.586544
1372,7800,300,1740.0023999999999,36.62421,51.10263
1373,8100,300,1701.5975999999998,38.96235,52.530066000000005
1374,8400,300,986.4000000000001,64.03551,21.455496
1375,8700,300,1615.1975999999997,39.96916,42.180966
1376,9000,300,1692.0,39.81355,48.30893999999999
1377,9300,300,1452.0023999999999,46.1909,37.469736000000005
1378,9600,300,1082.3976,61.65082,23.180471999999998
1379,9900,300,1740.0023999999999,33.16621,59.48937
1380,1200,200,2203.2,22.51424,97.61471999999999
1381,1500,300,1391.9976000000001,43.17047,39.96000000000001
1382,1800,300,398.3976,99.36031,11.775888
1383,2100,300,1859.9976000000001,32.24452,82.491102
1384,2400,300,2147.9976,22.8361,95.68557000000001
1385,2700,300,1175.9976000000001,53.39152,29.259198000000005
1386,3000,300,801.5975999999999,74.14351,17.13771
1387,3300,300,1821.6,36.32629,66.173112
1388,3600,300,1895.9976,26.34331,74.294442
1389,3900,300,1060.7975999999999,58.52665,28.075139999999998
1390,4200,300,1056.0023999999999,58.20346,24.422742000000003
1391,4500,300,1984.8024,27.777050000000003,71.277408
1392,4800,300,1627.1999999999998,36.443329999999996,52.152227999999994
1393,5100,300,964.8000000000001,63.514149999999994,21.868650000000006
1394,5400,300,1355.9976,49.01848,34.06298399999999
1395,5700,300,1915.2,34.74226,55.69851599999999
1396,6000,300,1499.9976000000001,40.87888,65.90592000000001
1397,6300,300,943.2,65.30699,20.541978
1398,6600,300,1639.2024000000001,38.401089999999996,48.773934
1399,6900,300,1850.4,34.042680000000004,56.423358
1400,7200,300,1168.7976,48.69529,35.138825999999995
1401,7500,300,1200.0024,48.60618,36.666000000000004
1402,7800,300,1728.0,39.95719,46.769994000000004
1403,8100,300,1696.8023999999998,37.03784,47.996604000000005
1404,8400,300,1099.2024,55.38386,24.264630000000004
1405,8700,300,1432.8000000000002,45.74136,36.560808
1406,9000,300,1620.0,44.001720000000006,41.77602
1407,9300,300,1514.3976000000002,41.41487,41.34294
1408,9600,300,1175.9976000000001,55.89590999999999,26.977968
1409,9900,300,1555.2000000000003,46.80403,36.233352000000004
1411,1500,300,1387.2024000000001,40.04364,59.652234
1412,1800,300,439.2,97.52624,12.511476
1413,2100,300,1646.4024000000002,39.88803,57.904362
1414,2400,300,2183.9975999999997,24.31905,92.968992
1415,2700,300,1187.9999999999998,52.42727,32.10543
1416,3000,300,743.9976,77.35546000000001,15.01551
1417,3300,300,1687.1976,34.33528,58.00199400000001
1418,3600,300,1984.8024,28.69076,70.08897600000002
1419,3900,300,1056.0023999999999,57.587669999999996,24.520914
1420,4200,300,957.6,69.58826,19.77291
1421,4500,300,1807.2,33.253989999999995,64.53464400000001
1422,4800,300,1622.3976,38.201589999999996,51.292007999999996
1423,5100,300,1123.2,55.27746,23.688450000000003
1424,5400,300,1224.0,48.977250000000005,30.780000000000005
1425,5700,300,1898.4024,32.76189,61.994159999999994
1426,6000,300,1344.0024,41.765989999999995,41.878944
1427,6300,300,976.8024,57.41211,21.653081999999998
1428,6600,300,1620.0,36.05364,51.832008
1429,6900,300,1759.1976,39.28687,48.496860000000005
1430,7200,300,1132.7976,55.34662,26.87418
1431,7500,300,1214.4024,53.97273,26.594459999999998
1432,7800,300,1617.6024,46.81068,39.73887
1433,8100,300,1692.0,41.365660000000005,43.605972
1434,8400,300,995.9975999999999,66.21538000000001,22.784112
1435,8700,300,1440.0,46.21351,36.305982
1436,9000,300,1668.0023999999999,41.11961,43.262153999999995
1437,9300,300,1416.0023999999999,50.16095,31.814262000000003
1438,9600,300,1082.3976,59.34194,23.910876000000005
1439,9900,300,1521.5976,43.49898,39.29904
1440,1200,200,2375.9999999999995,25.425610000000002,93.21544800000001
1441,1500,300,1332.0,36.610910000000004,51.158898
1442,1800,300,470.3976,97.61269,12.425508
1443,2100,300,1728.0,39.30682,65.16752399999999
1444,2400,300,2114.4024,25.784709999999997,87.840396
1445,2700,300,991.2024000000001,58.43754,21.691529999999997
1446,3000,300,772.7975999999999,74.85107,16.585722
1447,3300,300,1859.9976000000001,35.10801,54.215999999999994
1448,3600,300,1787.9976,33.36039,56.464451999999994
1449,3900,300,885.6,69.29167,18.570708000000003
1450,4200,300,1171.2024000000001,53.2399,28.615572
1451,4500,300,1795.1975999999997,36.35954,51.11953200000001
1452,4800,300,1490.3999999999999,44.32358,37.269558
1453,5100,300,955.2024,68.03083000000001,18.777906
1454,5400,300,1336.8024,47.066039999999994,34.115958000000006
1455,5700,300,1848.0023999999999,36.350229999999996,51.980238
1456,6000,300,1243.2024,48.41333,31.357529999999997
1457,6300,300,993.5999999999999,60.906020000000005,21.417372
1458,6600,300,1754.4024,36.27708,52.057188
1459,6900,300,1545.6024,35.655969999999996,51.576696
1460,7200,300,1022.3999999999999,61.50718,24.540840000000003
1461,7500,300,1319.9976,47.205690000000004,34.344
1462,7800,300,1728.0,39.01289,49.215006
1463,8100,300,1353.6,50.799350000000004,37.330848
1464,8400,300,1024.7975999999999,61.36487,23.193432
1465,8700,300,1540.8000000000002,46.95964,38.12805
1466,9000,300,1658.3975999999998,39.33874,44.03619
1467,9300,300,1195.1999999999998,51.05604,30.502386000000005
1468,9600,300,1130.4,55.32933,26.82801
1469,9900,300,1701.5975999999998,44.47254,38.942478
1470,1200,200,2538.0,20.39688,124.11576000000002
1471,1500,300,1192.8024,53.41945,28.401623999999998
1472,1800,300,455.9976,99.16214000000001,12.562128
1473,2100,300,1461.6,47.66321,50.976378000000004
1474,2400,300,2064.0024,25.05587,83.64977999999999
1475,2700,300,1247.9976000000001,54.427589999999995,30.93579
1476,3000,300,777.6000000000001,77.73983,15.299982000000002
1477,3300,300,1528.7976,39.04481,53.686368
1478,3600,300,1888.7976000000003,30.74561,66.04194600000001
1479,3900,300,1012.8024000000001,62.612410000000004,22.290983999999998
1480,4200,300,936.0,60.693220000000004,22.915386
1481,4500,300,1730.3976,36.42471,53.955072
1482,4800,300,1560.0024,32.76987,59.574474
1483,5100,300,1056.0023999999999,51.49228,26.067258000000002
1484,5400,300,1247.9976000000001,52.00699,32.161158
1485,5700,300,1696.8023999999998,39.8867,46.575972
1486,6000,300,1245.6,51.48829,28.269378000000003
1487,6300,300,1128.0024,57.82973,24.3
1488,6600,300,1512.0000000000002,39.349380000000004,46.75714200000001
1489,6900,300,1452.0023999999999,42.675709999999995,38.317698
1490,7200,300,1209.6,57.84037,26.560710000000004
1491,7500,300,1216.8,49.94815,28.61892
1492,7800,300,1629.5975999999998,42.39774,39.58146
1493,8100,300,1236.0023999999999,57.65683,25.269894
1494,8400,300,1154.3976,57.81244,24.642414
1495,8700,300,1437.6024,50.293949999999995,32.526198
1496,9000,300,1562.4,39.099340000000005,45.539172
1497,9300,300,1190.3976,52.79169,27.03267
1498,9600,300,1142.4024,57.48393,25.03737
1499,9900,300,1581.6024,44.91543,36.947826
1501,1500,300,1442.3976,34.528130000000004,57.054888000000005
1502,1800,300,379.2024,101.14783,12.337973999999999
1503,2100,300,1298.3976000000002,52.73184,55.177794
1504,2400,300,2157.6024,24.724700000000002,87.04870199999999
1505,2700,300,1224.0,47.81483,36.307062
1506,3000,300,818.4024000000001,76.33136,17.846946000000003
1507,3300,300,1452.0023999999999,44.89947,41.20956
1508,3600,300,1740.0023999999999,41.10897,44.123562
1509,3900,300,1159.2,53.96874,26.686962
1510,4200,300,835.1999999999999,70.70679000000001,17.984484
1511,4500,300,1663.2,41.99076,47.54025000000001
1512,4800,300,1538.4024,44.59091,38.212776000000005
1513,5100,300,1116.0,52.97656,28.056780000000003
1514,5400,300,1187.9999999999998,50.60118,35.574552000000004
1515,5700,300,1540.8000000000002,42.72226,42.089706
1516,6000,300,1382.4,53.008480000000006,30.928122000000005
1517,6300,300,974.3975999999999,62.415569999999995,23.129550000000002
1518,6600,300,1391.9976000000001,48.79238,32.604822000000006
1519,6900,300,1665.5976,42.10381,42.60087
1520,7200,300,1116.0,59.55208,23.179337999999998
1521,7500,300,1082.3976,60.84484,22.090913999999998
1522,7800,300,1605.6000000000001,41.77131,43.409844
1523,8100,300,1231.1999999999998,50.47882,32.263164
1524,8400,300,1238.3999999999999,54.08312,26.539542
1525,8700,300,1406.3976,38.975649999999995,44.001684000000004
1526,9000,300,1413.5976,45.080349999999996,34.31613600000001
1527,9300,300,1178.4024,57.29906,25.68024
1528,9600,300,1200.0024,49.36029,30.564
1529,9900,300,1548.0,40.41205,44.564634000000005
1531,1500,300,1111.1976,44.19989,51.340824000000005
1532,1800,300,429.60240000000005,94.75452,13.665942000000001
1533,2100,300,1447.1999999999998,51.146480000000004,59.892534
1534,2400,300,2059.2,30.83073,71.786034
1535,2700,300,1051.2,59.97502,24.065748
1536,3000,300,777.6000000000001,76.30476,17.133336
1537,3300,300,1524.0023999999999,42.93772,48.39588
1538,3600,300,1723.1976000000002,31.96655,65.597202
1539,3900,300,988.7975999999999,65.48255,20.656295999999998
1540,4200,300,832.8024,66.80856,18.425340000000002
1541,4500,300,1725.6024,35.711830000000006,59.227254
1542,4800,300,1444.8024,36.49919,53.88336
1543,5100,300,998.4024000000001,60.626720000000006,21.651948
1544,5400,300,950.4000000000001,68.4817,18.84546
1545,5700,300,1893.6000000000001,32.61958,59.523174
1546,6000,300,1255.1976000000002,46.2574,32.709744
1547,6300,300,892.8,63.707,20.148372000000002
1548,6600,300,1353.6,47.71242,36.421272
1549,6900,300,1655.9999999999998,35.655969999999996,49.39828200000001
1550,7200,300,1084.8024,56.716519999999996,25.984530000000003
1551,7500,300,964.8000000000001,70.13888,19.00746
1552,7800,300,1600.7975999999999,37.76003,46.074042000000006
1553,8100,300,1416.0023999999999,50.57591,30.908141999999998
1554,8400,300,1084.8024,56.700559999999996,23.953536
1555,8700,300,1142.4024,55.36391,27.090774000000003
1556,9000,300,1550.3976,37.13892,50.723226000000004
1557,9300,300,1283.9976000000001,47.1884,36.366732
1558,9600,300,1046.3976,58.82457,23.383512
1559,9900,300,1492.7975999999999,46.23213,41.836986
1561,1500,300,1144.8,47.47834,36.747162
1562,1800,300,439.2,99.05175,13.101641999999998
1563,2100,300,1336.8024,50.55596,69.88977000000001
1564,2400,300,2020.8024,29.66432,68.98149000000001
1565,2700,300,1128.0024,58.73413,27.149364
1566,3000,300,736.7976000000001,81.54097,14.300334000000001
1567,3300,300,1375.2,44.72125,47.695284
1568,3600,300,1812.0023999999999,35.57617,56.43178199999999
1569,3900,300,940.8024,65.88155,20.23623
1570,4200,300,827.9999999999999,62.865109999999994,19.048716000000002
1571,4500,300,1555.2000000000003,42.88984,41.291694
1572,4800,300,1531.2024,35.5775,55.34578799999999
1573,5100,300,1007.9999999999999,64.92129,22.139999999999997
1574,5400,300,1003.1975999999999,63.52346,24.196644
1575,5700,300,1737.5976,37.71215,52.08316200000001
1576,6000,300,1164.0024,60.23437,23.837922000000002
1577,6300,300,979.2,64.97449,22.354433999999998
1578,6600,300,1346.4,48.81366,33.997859999999996
1579,6900,300,1461.6,45.286500000000004,36.478836
1580,7200,300,1108.8,60.40727,24.884442
1581,7500,300,1099.2024,57.71003,24.205661999999997
1582,7800,300,1492.7975999999999,45.35699,37.192284
1583,8100,300,1274.3999999999999,51.33534,29.023704
1584,8400,300,1072.8,56.74844,22.34898
1585,8700,300,1175.9976000000001,55.70572,25.776737999999998
1586,9000,300,1569.6000000000001,39.624689999999994,46.238526
1587,9300,300,1123.2,54.85585,25.857684
1588,9600,300,1056.0023999999999,60.41525,22.569570000000002
1589,9900,300,1490.3999999999999,46.22947,34.121736
1591,1500,300,1185.6024,43.9698,55.36641600000001
1592,1800,300,364.8024,107.53448999999999,11.972394
1593,2100,300,1063.2024,69.70662999999999,41.798214
1594,2400,300,2232.0,24.08098,92.45615400000001
1595,2700,300,1116.0,46.536699999999996,38.647746000000005
1596,3000,300,748.8000000000001,81.58353,14.521139999999999
1597,3300,300,972.0000000000001,58.686249999999994,25.320006
1598,3600,300,2030.3999999999999,29.257340000000003,74.897892
1599,3900,300,1020.0024000000001,58.30321,22.387752
1600,4200,300,806.4000000000001,73.47186,16.84287
1601,4500,300,1363.1976,46.12041,43.180992
1602,4800,300,1636.7976,36.6282,50.7141
1603,5100,300,926.4024000000001,67.22618,21.348198
1604,5400,300,948.0024000000001,67.79542,21.135168
1605,5700,300,1692.0,38.88388,46.593198
1606,6000,300,1233.5976,53.231919999999995,28.891026
1607,6300,300,909.5976,62.740089999999995,20.360429999999997
1608,6600,300,1216.8,51.73965999999999,33.507701999999995
1609,6900,300,1535.9976,44.58027,35.791902
1610,7200,300,1067.9976,63.075250000000004,22.825637999999998
1611,7500,300,995.9975999999999,65.11015,20.58507
1612,7800,300,1363.1976,45.295809999999996,36.877842
1613,8100,300,1336.8024,51.17973,31.847418
1614,8400,300,1099.2024,53.50856,25.844562000000003
1615,8700,300,1012.8024000000001,64.89336,19.923678
1616,9000,300,1655.9999999999998,33.14759,59.36084999999999
1617,9300,300,1010.3975999999999,65.68603999999999,22.472208000000006
1618,9600,300,1111.1976,58.442859999999996,22.358106
1619,9900,300,1202.3999999999999,56.29757,27.894618
1620,1200,200,2448.0,20.298460000000002,120.300876
1621,1500,300,1236.0023999999999,38.23085,48.589524000000004
1622,1800,300,379.2024,104.07249999999999,12.782286000000001
1623,2100,300,1058.3999999999999,61.3662,40.763250000000006
1624,2400,300,2145.6,29.63506,75.61209600000001
1625,2700,300,1039.1976,61.51383,23.919624000000002
1626,3000,300,784.8000000000001,73.39738,16.728444
1627,3300,300,1108.8,49.86303,52.55064
1628,3600,300,1701.5975999999998,36.14275,53.52777
1629,3900,300,1072.8,59.34061,24.668442
1630,4200,300,804.0024,70.35168,17.280000000000005
1631,4500,300,1437.6024,44.585589999999996,43.96626
1632,4800,300,1382.4,51.0587,33.384366
1633,5100,300,1058.3999999999999,54.56192,24.03675
1634,5400,300,871.1999999999999,60.9672,20.960316
1635,5700,300,1571.9976000000001,47.16180000000001,39.572496
1636,6000,300,1178.4024,49.51457,28.60569
1637,6300,300,1031.9976,62.69221,22.453956000000005
1638,6600,300,1080.0,53.37157,31.811994000000002
1639,6900,300,1427.9976000000001,48.41333,33.398298000000004
1640,7200,300,1200.0024,57.61959,26.7408
1641,7500,300,974.3975999999999,64.09403,21.373902
1642,7800,300,1192.8024,50.46153,30.91149
1643,8100,300,1283.9976000000001,51.40849,29.795904000000004
1644,8400,300,1195.1999999999998,46.797380000000004,32.573502
1645,8700,300,931.1976000000001,72.17777,19.080954000000002
1646,9000,300,1418.4,47.76828,38.567502
1647,9300,300,1231.1999999999998,49.90426,28.105272
1648,9600,300,1031.9976,55.93182,23.898132
1649,9900,300,1103.9976,55.98502,26.917811999999998
1650,1200,200,2390.3999999999996,21.47285,111.04155000000002
1651,1500,300,940.8024,65.5557,19.092834
1652,1800,300,364.8024,107.62094,12.114467999999999
1653,2100,300,1180.8,63.31864,54.417096
1654,2400,300,1956.0023999999999,25.28064,84.597804
1655,2700,300,1015.1999999999999,59.260810000000006,24.127686
1656,3000,300,760.8024,76.82878,17.239122
1657,3300,300,1118.3976,51.45371,32.654934
1658,3600,300,1715.9976,31.25766,64.883052
1659,3900,300,916.7976,67.66109,20.101554000000004
1660,4200,300,823.1976,69.58427,18.530046000000002
1661,4500,300,1380.0024,49.73801,35.611812
1662,4800,300,1418.4,40.45727,39.764466
1663,5100,300,914.4,67.6039,18.963774
1664,5400,300,804.0024,71.76015,17.586288000000003
1665,5700,300,1584.0000000000002,43.08934,43.895466
1666,6000,300,1272.0023999999999,51.59868,32.379642
1667,6300,300,806.4000000000001,80.51953,16.858908000000003
1668,6600,300,1027.2024000000001,64.59012,21.070098
1669,6900,300,1646.4024000000002,42.04263,48.21427800000001
1670,7200,300,1029.6,61.33428,21.990204000000002
1671,7500,300,859.1976,70.15617,17.859204000000002
1672,7800,300,1368.0,47.83212,34.626312000000006
1673,8100,300,1305.5976,43.20239,38.425374
1674,8400,300,936.0,65.86426,19.398474
1675,8700,300,926.4024000000001,63.644490000000005,19.935234
1676,9000,300,1560.0024,40.17797,44.08063200000001
1677,9300,300,1072.8,54.980869999999996,25.139591999999997
1678,9600,300,1003.1975999999999,57.72865,22.982292
1679,9900,300,1010.3975999999999,62.91831,22.305456
1681,1500,300,1106.4024,41.52792,49.127094
1682,1800,300,367.20000000000005,98.84559999999999,13.552919999999999
1683,2100,300,943.2,70.27853,43.735896
1684,2400,300,1972.8000000000002,32.92548,60.582492
1685,2700,300,1144.8,54.1443,30.984930000000002
1686,3000,300,724.8023999999999,78.47133000000001,16.986780000000003
1687,3300,300,959.9975999999998,63.84665,25.407
1688,3600,300,1718.4024000000002,34.16637,59.422625999999994
1689,3900,300,979.2,63.37849,20.99115
1690,4200,300,784.8000000000001,75.50543,17.091756
1691,4500,300,1185.6024,48.41333,32.06115
1692,4800,300,1507.1976,40.52776,44.378009999999996
1693,5100,300,900.0,61.23852,19.079982
1694,5400,300,823.1976,73.66072,16.514874
1695,5700,300,1430.4024,48.64475,35.870148
1696,6000,300,1236.0023999999999,48.21915,32.808942
1697,6300,300,988.7975999999999,64.27358000000001,22.03254
1698,6600,300,827.9999999999999,74.83511,16.966962000000002
1699,6900,300,1574.4024,43.23431,41.421942
1700,7200,300,1017.5975999999999,64.00758,22.147668
1701,7500,300,926.4024000000001,70.68551,19.221786
1702,7800,300,1204.7976,53.05769,32.012766
1703,8100,300,1351.2024,43.48834,37.03266
1704,8400,300,959.9975999999998,61.152069999999995,21.613500000000002
1705,8700,300,936.0,64.78563,21.032298
1706,9000,300,1372.8024,50.047900000000006,32.551038
1707,9300,300,1106.4024,53.54314,25.99263
1708,9600,300,955.2024,69.10946,20.297466
1709,9900,300,1099.2024,52.93532999999999,26.198262000000003
1710,1200,200,2250.0,21.972929999999998,105.33024
1711,1500,300,1154.3976,54.04588,32.916402
1712,1800,300,336.0024,105.13383999999999,13.23
1713,2100,300,959.9975999999998,68.18644,48.2085
1714,2400,300,2100.0024,25.93766,86.690034
1715,2700,300,938.3976,69.99391,18.064458000000002
1716,3000,300,724.8023999999999,79.31056,16.325172000000002
1717,3300,300,914.4,61.95539,27.524393999999997
1718,3600,300,1615.1975999999997,41.08503,46.192842000000006
1719,3900,300,1003.1975999999999,58.56655,24.506712000000004
1720,4200,300,768.0024,75.83926,16.605000000000004
1721,4500,300,1219.1976000000002,59.20096,27.839754
1722,4800,300,1387.2024000000001,52.47781,31.409694
1723,5100,300,912.0024,66.78728000000001,19.241064
1724,5400,300,796.8024,76.72503999999999,16.590366
1725,5700,300,1312.7975999999999,51.05737,31.037634
1726,6000,300,1300.8024,45.77993,36.016596
1727,6300,300,897.6024,70.90762,16.979706
1728,6600,300,844.7976,65.93608,20.065914
1729,6900,300,1358.4024,48.59288,33.36363
1730,7200,300,1142.4024,52.31023,28.883196000000005
1731,7500,300,940.8024,62.346410000000006,20.828556
1732,7800,300,936.0,66.61039,20.201562
1733,8100,300,1420.7976,49.626290000000004,33.321294
1734,8400,300,984.0024000000001,63.38115,20.506823999999998
1735,8700,300,883.2024,70.2905,17.197812
1736,9000,300,1187.9999999999998,47.2682,29.825442000000002
1737,9300,300,1293.6024,55.94911,26.89983
1738,9600,300,936.0,61.548410000000004,21.30921
1739,9900,300,868.8023999999999,66.0478,19.168488
1740,1200,200,2329.2000000000003,24.26851,101.289636
1741,1500,300,1039.1976,58.84585,26.650782000000003
1742,1800,300,360.0,107.57306,13.355982
1743,2100,300,931.1976000000001,74.78324,55.600506
1744,2400,300,1812.0023999999999,29.64836,64.84293
1745,2700,300,1070.4024,56.942620000000005,26.92737
1746,3000,300,772.7975999999999,77.58555,16.099398
1747,3300,300,799.2000000000002,66.0345,23.675652000000003
1748,3600,300,1620.0,38.10982,47.984021999999996
1749,3900,300,1007.9999999999999,61.8716,21.085704
1750,4200,300,748.8000000000001,78.24789,15.386543999999999
1751,4500,300,1247.9976000000001,54.027260000000005,28.401948
1752,4800,300,1204.7976,50.36045,28.656558
1753,5100,300,957.6,66.16883,21.49173
1754,5400,300,847.2024,73.98657,17.66853
1755,5700,300,1276.7976,53.52319,29.395494
1756,6000,300,1144.8,54.72684,25.143372000000003
1757,6300,300,955.2024,63.91714,20.053278
1758,6600,300,974.3975999999999,66.45744,22.624164
1759,6900,300,1130.4,54.60315000000001,28.524852
1760,7200,300,1139.9976,58.27129,26.056404
1761,7500,300,916.7976,67.82202,20.030868
1762,7800,300,1128.0024,55.02875,28.160406
1763,8100,300,1020.0024000000001,57.76322999999999,22.88331
1764,8400,300,1106.4024,55.95044,27.597401999999995
1765,8700,300,959.9975999999998,61.10419,21.006
1766,9000,300,1139.9976,58.17154,23.703138000000003
1767,9300,300,1175.9976000000001,60.51367,23.109786
1768,9600,300,868.8023999999999,67.52277,19.884528
1769,9900,300,1015.1999999999999,64.3055,21.140406000000002
1771,1500,300,1355.9976,31.43721,65.03895
1772,1800,300,316.79999999999995,108.97089,13.5
1773,2100,300,432.0,93.79559,26.579988000000004
1774,2400,300,1967.9976,28.50057,71.08900200000001
1775,2700,300,1315.2024,30.177699999999998,53.733942
1776,3000,300,779.9975999999999,80.31604,14.604947999999998
1777,3300,300,520.7976000000001,96.17496,12.342834
1778,3600,300,1591.2,46.842600000000004,43.84341
1779,3900,300,1152.0,53.464670000000005,25.019982
1780,4200,300,746.4024,72.39722,16.911882
1781,4500,300,859.1976,66.91628999999999,20.800584
1782,4800,300,1466.4024,42.897819999999996,39.390840000000004
1783,5100,300,998.4024000000001,68.81818999999999,20.016341999999998
1784,5400,300,864.0,63.091210000000004,19.380006
1785,5700,300,907.2,68.05078,19.914282
1786,6000,300,1247.9976000000001,50.57724,33.002316
1787,6300,300,1024.7975999999999,56.003640000000004,24.445422
1788,6600,300,842.4,71.63113999999999,17.78463
1789,6900,300,1132.7976,51.66917,30.146202
1790,7200,300,1099.2024,59.99763,23.934474
1791,7500,300,912.0024,63.79744,20.13633
1792,7800,300,923.9976,67.66906999999999,19.496106
1793,8100,300,1152.0,58.10105,26.167482000000003
1794,8400,300,993.5999999999999,67.10515000000001,20.256534
1795,8700,300,938.3976,65.17,20.108466
1796,9000,300,976.8024,61.82106,21.042773999999998
1797,9300,300,1190.3976,57.96272999999999,26.586306
1798,9600,300,1048.8024,62.7095,21.365208
1799,9900,300,827.9999999999999,69.62284,17.906076000000002
1800,1200,200,2080.8,31.056829999999998,68.29412400000001
1801,1500,300,1238.3999999999999,46.688320000000004,36.512802
1802,1800,300,374.40000000000003,105.38387999999999,13.223087999999999
1803,2100,300,576.0,86.95805999999999,30.0375
1804,2400,300,1884.0023999999999,31.173869999999997,61.154136
1805,2700,300,1118.3976,55.16042,25.829604000000003
1806,3000,300,720.0,70.45675000000001,15.588018
1807,3300,300,667.2024,86.86628999999999,13.907916000000002
1808,3600,300,1497.6000000000001,35.12929,45.38943
1809,3900,300,1027.2024000000001,61.18532,23.580827999999997
1810,4200,300,813.5999999999999,71.27071,16.6779
1811,4500,300,851.9975999999999,63.12845,21.934638
1812,4800,300,1267.1999999999998,57.75126,29.014794
1813,5100,300,1036.8,63.04865,24.500016
1814,5400,300,787.1975999999999,75.29795,17.056116
1815,5700,300,1000.7999999999998,60.45515,22.661856000000004
1816,6000,300,1142.4024,64.19112,24.765102
1817,6300,300,981.5975999999998,59.81675,22.326138000000004
1818,6600,300,851.9975999999999,70.04312,17.751528
1819,6900,300,912.0024,65.92411,20.790000000000003
1820,7200,300,1224.0,57.86165,25.147044
1821,7500,300,914.4,64.57016999999999,19.47402
1822,7800,300,854.4024,66.15553,18.444942
1823,8100,300,1007.9999999999999,63.44233,21.175722
1824,8400,300,1187.9999999999998,56.35476,27.523638000000002
1825,8700,300,923.9976,63.617889999999996,19.706490000000002
1826,9000,300,823.1976,72.32939,17.286318
1827,9300,300,1084.8024,57.33763,26.151768000000004
1828,9600,300,1142.4024,55.600649999999995,26.659692
1829,9900,300,851.9975999999999,63.55139,18.025362
1830,1200,200,2379.6,23.09279,102.78792
1831,1500,300,1125.5976,48.84558,32.814504
1832,1800,300,235.2024,114.65531,11.351016
1833,2100,300,768.0024,82.76457,39.55500000000001
1834,2400,300,1759.1976,40.14472,49.137786
1835,2700,300,1017.5975999999999,61.65481,23.586768
1836,3000,300,736.7976000000001,78.23459,15.426071999999998
1837,3300,300,676.8,75.85123,16.716996
1838,3600,300,1411.2,46.585910000000005,37.763279999999995
1839,3900,300,1017.5975999999999,59.89655,23.102819999999998
1840,4200,300,763.2,78.0311,16.047179999999997
1841,4500,300,832.8024,76.23693,17.040348
1842,4800,300,1257.6024,55.003479999999996,27.453438
1843,5100,300,972.0000000000001,59.815419999999996,24.053328000000004
1844,5400,300,768.0024,78.29444,16.84125
1845,5700,300,928.8000000000001,66.47872,21.33486
1846,6000,300,1108.8,61.4061,23.645466000000003
1847,6300,300,974.3975999999999,65.71663,22.318254
1848,6600,300,823.1976,71.52739999999999,16.939962000000005
1849,6900,300,1000.7999999999998,67.54804,22.661856000000004
1850,7200,300,1092.0024,61.13345,23.202180000000002
1851,7500,300,902.3976,71.81069000000001,19.158498
1852,7800,300,808.7975999999999,79.99684,16.9371
1853,8100,300,1116.0,49.32305,28.451628
1854,8400,300,986.4000000000001,57.16207,25.528446000000006
1855,8700,300,885.6,70.99939,18.424367999999998
1856,9000,300,842.4,66.23001000000001,17.984592000000003
1857,9300,300,1065.6,55.06732,23.22972
1858,9600,300,1020.0024000000001,54.18952,23.848938000000004
1859,9900,300,883.2024,68.43115999999999,20.00052
1860,1200,200,2210.4,20.25058,108.87949800000001
1861,1500,300,1132.7976,54.20016,28.555956000000002
1862,1800,300,213.6024,120.71878000000001,9.95058
1863,2100,300,470.3976,92.71030999999999,32.951016
1864,2400,300,1984.8024,26.43242,74.901348
1865,2700,300,1053.5975999999998,56.75908,24.183144000000002
1866,3000,300,684.0,79.75877,15.404202000000002
1867,3300,300,448.79760000000005,102.14666000000001,12.879161999999999
1868,3600,300,1607.9976,38.929100000000005,42.660000000000004
1869,3900,300,919.2024,69.49249999999999,18.343098
1870,4200,300,804.0024,66.95486,19.036998
1871,4500,300,736.7976000000001,75.46553,16.217603999999998
1872,4800,300,1236.0023999999999,49.60235,29.621375999999998
1873,5100,300,900.0,69.06956,19.6992
1874,5400,300,873.5975999999999,61.692049999999995,19.241226
1875,5700,300,748.8000000000001,78.25853,15.525
1876,6000,300,1175.9976000000001,57.10754,24.542460000000002
1877,6300,300,880.7976,68.61336999999999,19.098612
1878,6600,300,916.7976,74.68348999999999,17.71254
1879,6900,300,859.1976,68.52027000000001,19.035756
1880,7200,300,1024.7975999999999,58.42158,23.825772000000004
1881,7500,300,926.4024000000001,66.33907,19.011941999999998
1882,7800,300,878.4,72.52756000000001,18.368856
1883,8100,300,959.9975999999998,61.355560000000004,22.882499999999997
1884,8400,300,967.1975999999999,63.88788,20.903237999999998
1885,8700,300,904.8024,69.69333,19.35117
1886,9000,300,885.6,66.59975,18.936612000000004
1887,9300,300,909.5976,68.60938,18.99261
1888,9600,300,1029.6,61.773179999999996,20.807010000000002
1889,9900,300,859.1976,70.75999,17.964828
1890,1200,200,2124.0000000000005,29.64304,71.472186
1891,1500,300,1123.2,52.28895,33.276906
1892,1800,300,275.9976,108.94030000000001,13.288698
1893,2100,300,540.0,89.77766,42.623982
1894,2400,300,1831.1976000000002,29.575210000000002,66.76749
1895,2700,300,938.3976,65.13409,18.533988
1896,3000,300,746.4024,72.79888,17.276544
1897,3300,300,475.20000000000005,97.65791,10.990890000000002
1898,3600,300,1416.0023999999999,46.11376,34.624044
1899,3900,300,887.9976,66.81654,18.900000000000002
1900,4200,300,851.9975999999999,71.65907,18.147024000000002
1901,4500,300,789.6024,81.38004,16.068672
1902,4800,300,1058.3999999999999,57.047689999999996,24.379596
1903,5100,300,943.2,58.15957,21.613716
1904,5400,300,837.5975999999999,77.61081999999999,15.828642
1905,5700,300,804.0024,75.45621999999999,17.360622000000003
1906,6000,300,1031.9976,62.32646,20.997198
1907,6300,300,890.4024,64.68056,20.464704
1908,6600,300,904.8024,69.83697,17.775612000000002
1909,6900,300,768.0024,68.39658,16.571250000000003
1910,7200,300,1005.6024000000001,67.64247,19.576620000000002
1911,7500,300,923.9976,68.19175999999999,20.828556
1912,7800,300,840.0024000000001,73.06089,17.696556000000005
1913,8100,300,844.7976,73.60619,16.96707
1914,8400,300,995.9975999999999,62.53261,21.13155
1915,8700,300,950.4000000000001,59.82606,21.395448000000002
1916,9000,300,772.7975999999999,74.90427,17.222976
1917,9300,300,900.0,70.94885,18.403200000000002
1918,9600,300,1000.7999999999998,62.664280000000005,22.001436000000005
1919,9900,300,871.1999999999999,68.0561,18.937206
1921,1500,300,1036.8,56.82159,25.587522
1922,1800,300,300.00239999999997,110.48975,13.9968
1923,2100,300,175.1976,123.80172,6.435612000000001
1924,2400,300,1960.7975999999999,23.11274,87.99953399999998
1925,2700,300,1034.4024,57.6688,23.729922
1926,3000,300,715.1976000000001,80.58869,16.127532000000002
1927,3300,300,506.39760000000007,88.79745,13.052124000000001
1928,3600,300,1243.2024,59.02008,32.858675999999996
1929,3900,300,1017.5975999999999,61.49388,22.962744000000004
1930,4200,300,765.5976,77.40733,15.861419999999999
1931,4500,300,645.6024,88.81075,13.048344
1932,4800,300,1036.8,59.1451,24.450012
1933,5100,300,995.9975999999999,64.48505,21.873240000000003
1934,5400,300,806.4000000000001,69.52841,18.546408000000003
1935,5700,300,724.8023999999999,73.04094,16.682760000000002
1936,6000,300,936.0,64.904,20.76921
1937,6300,300,998.4024000000001,65.68205,23.858658
1938,6600,300,787.1975999999999,77.82494999999999,17.61588
1939,6900,300,806.4000000000001,70.00854,17.630352
1940,7200,300,897.6024,67.22884,20.473776
1941,7500,300,1029.6,59.6106,23.060160000000003
1942,7800,300,799.2000000000002,65.04631,18.032436
1943,8100,300,763.2,73.10611,16.36983
1944,8400,300,962.4024000000001,64.9838,21.317202
1945,8700,300,866.3976,71.19623,18.817704000000003
1946,9000,300,851.9975999999999,65.12212000000001,17.934102000000003
1947,9300,300,743.9976,78.38089000000001,15.973524000000001
1948,9600,300,928.8000000000001,71.10313000000001,18.111654
1949,9900,300,923.9976,66.81654,19.482066000000003
1950,1200,200,2300.4,22.459709999999998,105.28731
1951,1500,300,957.6,64.8907,22.357889999999998
1952,1800,300,239.9976,113.96504,13.824
1953,2100,300,379.2024,101.46038,20.882286
1954,2400,300,1790.4024000000002,31.346770000000003,58.632714
1955,2700,300,962.4024000000001,58.384339999999995,22.394502
1956,3000,300,720.0,78.19602,15.227999999999998
1957,3300,300,419.99760000000003,95.56581999999999,12.342834
1958,3600,300,1214.4024,52.338159999999995,31.38615
1959,3900,300,984.0024000000001,66.40690000000001,20.928294
1960,4200,300,782.4024,74.19404999999999,17.541738
1961,4500,300,700.7976,77.49511,16.458930000000002
1962,4800,300,892.8,66.91762,18.783845999999997
1963,5100,300,993.5999999999999,63.479569999999995,21.665232
1964,5400,300,801.5975999999999,72.03413,17.42877
1965,5700,300,700.7976,76.4085,15.256836
1966,6000,300,856.8,73.3229,17.001684
1967,6300,300,1012.8024000000001,64.06743,20.435544
1968,6600,300,779.9975999999999,75.70227,17.24679
1969,6900,300,717.6024,84.09723000000001,14.719050000000001
1970,7200,300,815.9975999999999,74.33104,17.883504000000002
1971,7500,300,986.4000000000001,66.96417,20.167866
1972,7800,300,854.4024,68.00822000000001,19.339884
1973,8100,300,729.5976,74.29646,16.484202
1974,8400,300,779.9975999999999,74.73934999999999,16.465842000000002
1975,8700,300,928.8000000000001,64.23102,19.018584
1976,9000,300,904.8024,65.65412,20.339532000000002
1977,9300,300,784.8000000000001,77.17724,15.754122
1978,9600,300,756.0000000000001,75.64508000000001,15.102882
1979,9900,300,928.8000000000001,66.92693000000001,19.004652
1980,1200,200,2214.0,20.99671,105.18147
1981,1500,300,1080.0,51.968419999999995,32.303988000000004
1982,1800,300,288.0,109.07596,14.715000000000002
1983,2100,300,151.2,124.84843000000001,6.857136000000001
1984,2400,300,1802.3976000000002,31.94394,60.478542000000004
1985,2700,300,957.6,66.78462,20.016558
1986,3000,300,779.9975999999999,72.17511,16.432631999999998
1987,3300,300,432.0,99.17943,11.340000000000002
1988,3600,300,1031.9976,61.02572000000001,31.960440000000002
1989,3900,300,998.4024000000001,62.95422,22.690368
1990,4200,300,792.0000000000001,75.95098,18.310914
1991,4500,300,720.0,79.41829000000001,15.407982000000002
1992,4800,300,789.6024,78.41946,16.938612
1993,5100,300,907.2,60.29422,21.714264
1994,5400,300,734.4000000000001,74.37892,16.729416
1995,5700,300,871.1999999999999,75.27400999999999,17.226432
1996,6000,300,722.3976,77.88746,14.818626000000002
1997,6300,300,936.0,64.75371,22.153824000000004
1998,6600,300,734.4000000000001,78.04041000000001,15.017669999999999
1999,6900,300,820.8,67.37248,17.763138
2000,7200,300,784.8000000000001,77.58156,15.489899999999999
2001,7500,300,842.4,72.63396,17.415378
2002,7800,300,799.2000000000002,81.37605,15.697314
2003,8100,300,792.0000000000001,71.95699,17.083655999999998
2004,8400,300,820.8,70.66822,19.563174
2005,8700,300,789.6024,71.51543000000001,18.0711
2006,9000,300,835.1999999999999,67.94837,17.51895
2007,9300,300,830.3975999999999,73.67801,17.932374
2008,9600,300,741.6,79.92502,15.553403999999999
2009,9900,300,842.4,70.82648999999999,17.753850000000003
2010,1200,200,2142.0,25.10774,89.857836
2011,1500,300,1007.9999999999999,61.89022,25.032834000000005
2012,1800,300,300.00239999999997,109.40846,12.787199999999999
2013,2100,300,139.1976,126.15582,5.95863
2014,2400,300,1670.3999999999999,42.129079999999995,42.695693999999996
2015,2700,300,981.5975999999998,63.519470000000005,20.781414
2016,3000,300,741.6,76.64125,16.70679
2017,3300,300,468.0,95.05642999999999,12.046158000000002
2018,3600,300,1020.0024000000001,63.483560000000004,26.021628
2019,3900,300,864.0,69.18128,19.050012
2020,4200,300,792.0000000000001,67.95635,18.130932
2021,4500,300,722.3976,76.74898,16.074396
2022,4800,300,710.4024000000001,74.08765000000001,16.291206000000003
2023,5100,300,844.7976,72.91592,18.194328000000002
2024,5400,300,827.9999999999999,74.83511,16.966962000000002
2025,5700,300,724.8023999999999,75.07185,16.253622
2026,6000,300,732.0024,78.6296,15.934428000000002
2027,6300,300,832.8024,74.25256999999999,16.511256000000003
2028,6600,300,825.6024,70.52591,16.875
2029,6900,300,763.2,76.01747999999999,16.437762
2030,7200,300,734.4000000000001,73.15399000000001,16.358814
2031,7500,300,753.6024,77.55496,15.856074000000001
2032,7800,300,849.5999999999999,71.0619,17.816976
2033,8100,300,736.7976000000001,79.79069,15.496434
2034,8400,300,779.9975999999999,73.2165,17.014158000000002
2035,8700,300,722.3976,79.89576000000001,15.303005999999998
2036,9000,300,806.4000000000001,71.96896000000001,16.296444
2037,9300,300,825.6024,75.5307,18.507582000000003
2038,9600,300,782.4024,74.25922,18.055224000000003
2039,9900,300,748.8000000000001,77.38871,15.663456000000002
2040,1200,200,2170.7999999999997,26.66783,81.196992
2041,1500,300,950.4000000000001,62.39429,22.104522
2042,1800,300,264.00239999999997,109.46166,16.543656000000002
2043,2100,300,172.8,116.37234,12.749994000000001
2044,2400,300,1620.0,39.647299999999994,49.63998599999999
2045,2700,300,931.1976000000001,68.33274,18.357192
2046,3000,300,720.0,71.02731999999999,17.567982
2047,3300,300,424.79999999999995,98.68599999999999,12.477942
2048,3600,300,943.2,66.27523,22.699224000000005
2049,3900,300,866.3976,69.44063,19.371204
2050,4200,300,808.7975999999999,74.95613999999999,18.55548
2051,4500,300,698.4,76.87267,15.197922000000002
2052,4800,300,624.0024000000001,85.76771000000001,13.313052000000003
2053,5100,300,832.8024,76.42845,15.826535999999999
2054,5400,300,813.5999999999999,65.77781,19.194678
2055,5700,300,765.5976,77.78638000000001,16.97868
2056,6000,300,686.3976,87.04983,14.123052000000001
2057,6300,300,734.4000000000001,75.53602,15.388218000000002
2058,6600,300,806.4000000000001,75.7701,16.971444
2059,6900,300,772.7975999999999,76.27550000000001,17.038512
2060,7200,300,720.0,77.24507,16.001982
2061,7500,300,698.4,79.86384,15.235074
2062,7800,300,818.4024000000001,72.89596999999999,16.675092
2063,8100,300,765.5976,70.76265000000001,19.010052
2064,8400,300,715.1976000000001,77.03891999999999,14.931539999999998
2065,8700,300,720.0,74.38424,15.029982
2066,9000,300,792.0000000000001,79.61246999999999,15.970932000000001
2067,9300,300,794.3975999999999,73.26438,17.651952
2068,9600,300,696.0024,72.61135,16.348986
2069,9900,300,756.0000000000001,74.54782999999999,15.874272000000003
2070,1200,200,2077.2,21.339850000000002,97.097076
2071,1500,300,923.9976,71.38775,19.608318
2072,1800,300,288.0,111.27046,12.464982000000003
2073,2100,300,124.7976,127.36346,5.815368
2074,2400,300,1535.9976,41.339059999999996,47.182500000000005
2075,2700,300,900.0,69.27704,18.8784
2076,3000,300,751.1976000000001,77.68131,15.061356000000002
2077,3300,300,432.0,99.82580999999999,11.280006
2078,3600,300,743.9976,78.00051,18.011592
2079,3900,300,959.9975999999998,67.36317,21.3975
2080,4200,300,756.0000000000001,79.56326,15.977142000000002
2081,4500,300,696.0024,80.59401,14.263452
2082,4800,300,626.4,85.77302999999999,12.993102
2083,5100,300,732.0024,76.60401,16.022934000000003
2084,5400,300,868.8023999999999,73.37210999999999,18.18396
2085,5700,300,720.0,77.71056999999999,15.534017999999998
2086,6000,300,696.0024,75.68099000000001,15.864822000000002
2087,6300,300,599.9976,89.53693,13.780800000000001
2088,6600,300,830.3975999999999,65.58762,18.50985
2089,6900,300,768.0024,71.47686,15.676901999999998
2090,7200,300,700.7976,78.31838,14.646582000000002
2091,7500,300,703.2024,81.21246000000001,15.186365999999998
2092,7800,300,655.1999999999999,82.56506999999999,14.142870000000002
2093,8100,300,794.3975999999999,77.49378,15.987942
2094,8400,300,775.2024,77.48447,16.18326
2095,8700,300,676.8,76.41382,14.591501999999998
2096,9000,300,671.9976,84.14777,13.403556
2097,9300,300,727.2,80.88395,16.12872
2098,9600,300,758.3976000000001,74.48,16.251246000000002
2099,9900,300,772.7975999999999,74.68216,16.032276
2100,1200,200,2131.2,23.60218,92.68479
2101,1500,300,1015.1999999999999,61.75988,22.110624
2102,1800,300,300.00239999999997,108.57189,15.033600000000002
2103,2100,300,110.3976,128.2652,5.869584
2104,2400,300,1375.2,53.65619,41.239799999999995
2105,2700,300,1058.3999999999999,60.84218,22.628591999999998
2106,3000,300,655.1999999999999,81.48511,14.202216000000002
2107,3300,300,429.60240000000005,91.86177,12.519575999999999
2108,3600,300,590.4,85.46048,19.317096000000003
2109,3900,300,1024.7975999999999,61.95938,21.397662
2110,4200,300,743.9976,83.10904,15.433524
2111,4500,300,693.5976,81.9147,14.0886
2112,4800,300,614.3976,81.19516999999999,13.942962000000001
2113,5100,300,705.6,80.1192,16.585722
2114,5400,300,794.3975999999999,70.24262,17.113571999999998
2115,5700,300,684.0,77.60018,14.513688
2116,6000,300,693.5976,72.58475,15.807635999999999
2117,6300,300,650.3976,82.02509,14.486363999999998
2118,6600,300,732.0024,73.46255000000001,17.209206000000002
2119,6900,300,722.3976,80.50756,15.392699999999998
2120,7200,300,691.2,77.49245,14.699988000000001
2121,7500,300,662.4,84.34461,14.576112
2122,7800,300,722.3976,74.38291000000001,16.128234
2123,8100,300,751.1976000000001,81.72451,15.458148000000001
2124,8400,300,626.4,80.9704,13.468950000000001
2125,8700,300,696.0024,84.46431,14.840712
2126,9000,300,720.0,81.36275,14.526000000000002
2127,9300,300,710.4024000000001,76.66519,15.23313
2128,9600,300,688.8024,81.80564,14.28084
2129,9900,300,700.7976,72.85474,16.2
2130,1200,200,1810.8,37.431520000000006,50.972544000000006
2131,1500,300,976.8024,67.03732000000001,19.941498000000003
2132,1800,300,288.0,110.86215,12.690000000000001
2133,2100,300,100.80000000000001,127.05357,6.5571660000000005
2134,2400,300,1257.6024,51.502919999999996,30.699593999999998
2135,2700,300,998.4024000000001,61.544419999999995,23.44329
2136,3000,300,717.6024,78.50325000000001,15.513713999999998
2137,3300,300,424.79999999999995,99.69680000000001,11.532186
2138,3600,300,544.8024,87.93827,16.485444
2139,3900,300,921.6,66.97082,19.92654
2140,4200,300,806.4000000000001,66.41488,16.987482
2141,4500,300,652.8024,82.98535,14.234562
2142,4800,300,626.4,80.91853,13.882752
2143,5100,300,511.19999999999993,92.84065,11.687328
2144,5400,300,837.5975999999999,67.39775,19.031544000000004
2145,5700,300,729.5976,73.55431999999999,15.95133
2146,6000,300,688.8024,82.25119000000001,14.826456
2147,6300,300,626.4,86.60162000000001,12.889638
2148,6600,300,599.9976,85.56023,12.9816
2149,6900,300,722.3976,74.43611,15.643854
2150,7200,300,705.6,80.36524999999999,15.832638000000003
2151,7500,300,707.9976,80.50756,15.229835999999999
2152,7800,300,652.8024,80.64189,14.274252
2153,8100,300,568.8,85.64269,13.306302
2154,8400,300,782.4024,71.82000000000001,16.15032
2155,8700,300,655.1999999999999,76.83942,14.993424
2156,9000,300,652.8024,89.44649,13.758066
2157,9300,300,684.0,80.03275000000001,15.309486
2158,9600,300,609.6024,88.04200999999999,12.989754000000001
2159,9900,300,743.9976,75.57325999999999,15.433524
2160,1200,200,2311.2000000000003,20.137529999999998,114.48507599999999
2161,1500,300,900.0,65.04365,20.937582
2162,1800,300,167.9976,120.24796,11.725722
2163,2100,300,84.00240000000001,129.50077000000002,5.708556
2164,2400,300,1372.8024,47.24958,70.879698
2165,2700,300,921.6,62.6563,20.26404
2166,3000,300,696.0024,76.20368,16.16274
2167,3300,300,283.1976,109.28344,10.70847
2168,3600,300,530.4024000000001,89.17517000000001,15.271469999999999
2169,3900,300,969.6024000000001,61.0869,23.511384
2170,4200,300,827.9999999999999,77.44989,16.982622
2171,4500,300,638.4024,78.91820999999999,15.611292
2172,4800,300,511.19999999999993,91.99078,11.332386000000001
2173,5100,300,482.40000000000003,90.09819,14.238828000000002
2174,5400,300,878.4,68.15984,19.81476
2175,5700,300,736.7976000000001,75.30327,15.513984000000002
2176,6000,300,638.4024,86.55640000000001,13.520304000000003
2177,6300,300,552.0024,91.11564,11.997396
2178,6600,300,563.9976,87.84384,12.54636
2179,6900,300,782.4024,67.42833999999999,19.115352
2180,7200,300,717.6024,76.02014,15.604002
2181,7500,300,614.3976,82.69009,14.322636000000001
2182,7800,300,597.5999999999999,73.58358,14.009652
2183,8100,300,652.8024,82.41478,14.274252
2184,8400,300,703.2024,84.7875,14.891472
2185,8700,300,635.9975999999999,88.02073,13.306410000000001
2186,9000,300,631.2024,86.55905999999999,13.120164
2187,9300,300,621.5976,83.38036000000001,12.822408
2188,9600,300,715.1976000000001,67.15303,17.033544
2189,9900,300,652.8024,83.68493000000001,14.155128
2190,1200,200,1983.5999999999997,25.65171,88.624692
2191,1500,300,995.9975999999999,59.08126,22.575888
2192,1800,300,264.00239999999997,113.21891,11.340000000000002
2193,2100,300,86.4,128.744,5.999994
2194,2400,300,1022.3999999999999,63.644490000000005,32.602824000000005
2195,2700,300,974.3975999999999,62.38764,20.93499
2196,3000,300,758.3976000000001,72.55682,16.951895999999998
2197,3300,300,386.4024,98.68999,11.202462
2198,3600,300,235.2024,117.75953,6.997968
2199,3900,300,1029.6,65.56102,20.165058
2200,4200,300,734.4000000000001,83.43888,15.705900000000002
2201,4500,300,707.9976,82.71669,14.406120000000001
2202,4800,300,585.5976,87.45415,12.636864000000001
2203,5100,300,324.0,108.82592,8.240022000000002
2204,5400,300,864.0,69.31428,18.630000000000003
2205,5700,300,679.1976,83.22076000000001,12.765384
2206,6000,300,681.6024,81.31221,15.743646000000002
2207,6300,300,599.9976,84.2422,12.614399999999998
2208,6600,300,547.1999999999999,94.5231,11.273688
2209,6900,300,626.4,87.22006999999999,14.131044
2210,7200,300,684.0,84.69174,13.736844
2211,7500,300,739.2024,82.31103999999999,15.305868000000002
2212,7800,300,590.4,97.04744,11.765843999999998
2213,8100,300,527.9976,88.30003,12.100914000000001
2214,8400,300,595.2024,87.63104,12.324204
2215,8700,300,691.2,79.20682,14.718726000000002
2216,9000,300,722.3976,76.29279,15.320934000000001
2217,9300,300,607.1976000000001,85.89938,12.678282000000001
2218,9600,300,556.7976,91.15820000000001,11.428452
2219,9900,300,563.9976,89.67924,11.719134
2220,1200,200,1980.0000000000002,35.2982,55.953827999999994
2221,1500,300,1017.5975999999999,54.22543,34.526898
2222,1800,300,275.9976,109.05202,13.805208
2223,2100,300,74.3976,129.46752,5.574204
2224,2400,300,1020.0024000000001,62.528620000000004,39.540690000000005
2225,2700,300,981.5975999999998,66.61039,21.6
2226,3000,300,638.4024,85.34743,13.743594000000002
2227,3300,300,379.2024,103.27051,11.859480000000001
2228,3600,300,405.5976,101.45240000000001,13.452048
2229,3900,300,794.3975999999999,76.97375,16.607862
2230,4200,300,753.6024,74.65822,16.887906
2231,4500,300,648.0,83.03589000000001,13.100022000000001
2232,4800,300,607.1976000000001,89.51432,13.147812
2233,5100,300,333.5976,106.23508,8.46909
2234,5400,300,727.2,82.26183,14.667318
2235,5700,300,710.4024000000001,79.95428,14.485122
2236,6000,300,599.9976,86.26114000000001,12.787199999999999
2237,6300,300,669.6,87.58315999999999,14.690321999999998
2238,6600,300,540.0,89.22039000000001,12.119976
2239,6900,300,523.2024,89.40393,13.277088000000001
2240,7200,300,655.1999999999999,78.95411999999999,14.162634000000002
2241,7500,300,693.5976,82.85767,14.200704
2242,7800,300,616.8024,83.75542,13.888692
2243,8100,300,578.3976,85.88209,12.794166
2244,8400,300,513.5976,90.38281,11.456100000000001
2245,8700,300,583.2,92.71961999999999,12.599982
2246,9000,300,662.4,83.01062,14.028282
2247,9300,300,660.0024,76.20899999999999,14.864742000000001
2248,9600,300,573.6024,84.04004,12.833478000000001
2249,9900,300,588.0024000000001,89.17783,12.232674000000001
2250,1200,200,1965.6000000000001,30.425079999999998,68.96372400000001
2251,1500,300,854.4024,66.22203,18.778662
2252,1800,300,261.5976,117.4656,12.533940000000001
2253,2100,300,86.4,129.18689,5.999994
2254,2400,300,950.4000000000001,64.65396,40.472730000000006
2255,2700,300,885.6,70.88634,18.46827
2256,3000,300,741.6,82.52915999999999,14.365026
2257,3300,300,340.7976,109.98036,9.697158
2258,3600,300,230.4,116.83650999999999,6.862481999999999
2259,3900,300,840.0024000000001,73.41467,18.421722000000003
2260,4200,300,768.0024,72.67917999999999,17.465652
2261,4500,300,684.0,77.52171,15.726312000000002
2262,4800,300,566.4024000000001,84.33928999999999,13.522896
2263,5100,300,300.00239999999997,112.3185,8.726400000000002
2264,5400,300,669.6,83.06116,14.864526
2265,5700,300,684.0,82.76457,14.987376000000001
2266,6000,300,664.7976,80.74563,15.088788000000003
2267,6300,300,602.4024000000001,92.6345,12.327498
2268,6600,300,511.19999999999993,91.88969999999999,11.357766
2269,6900,300,458.4024,92.84065,11.535102000000002
2270,7200,300,635.9975999999999,83.56922,13.69359
2271,7500,300,640.8,79.8532,14.25843
2272,7800,300,626.4,86.51916,14.213772
2273,8100,300,580.8024,87.58715,12.7413
2274,8400,300,506.39760000000007,92.05063,11.670156000000002
2275,8700,300,532.8,91.24864000000001,12.381066
2276,9000,300,645.6024,81.89209,13.871358
2277,9300,300,635.9975999999999,85.24635,13.591692000000002
2278,9600,300,614.3976,84.99631000000001,13.457825999999999
2279,9900,300,535.1976000000001,90.65014,12.228678
2280,1200,200,1843.2,30.550099999999997,71.001576
2281,1500,300,940.8024,64.45179999999999,21.737754
2282,1800,300,288.0,112.87843,12.555000000000001
2283,2100,300,67.1976,130.11789000000002,6.171444
2284,2400,300,806.4000000000001,79.18554,20.475018
2285,2700,300,887.9976,71.54203,18.60813
2286,3000,300,705.6,76.62129999999999,14.455098
2287,3300,300,396.00000000000006,101.08,11.88
2288,3600,300,211.1976,120.37962999999999,7.363656
2289,3900,300,770.4000000000001,70.02583,19.934586000000003
2290,4200,300,727.2,78.88363,16.538634000000002
2291,4500,300,684.0,82.84836,14.400018
2292,4800,300,561.6,90.93476,11.907702
2293,5100,300,278.4024,113.56072,7.913808
2294,5400,300,597.5999999999999,86.20395,15.202404
2295,5700,300,669.6,82.37754000000001,13.974174000000001
2296,6000,300,664.7976,80.16442,14.27004
2297,6300,300,597.5999999999999,90.50916000000001,12.318048000000001
2298,6600,300,501.60240000000005,92.50017000000001,11.213424
2299,6900,300,328.8024,112.30387,7.843769999999999
2300,7200,300,643.1976,73.94667,15.595524000000001
2301,7500,300,684.0,85.12532,14.248439999999999
2302,7800,300,619.1999999999999,86.00312,13.269744000000001
2303,8100,300,588.0024000000001,85.5855,12.47508
2304,8400,300,480.0024,98.62349,11.556000000000001
2305,8700,300,439.2,102.26236999999999,11.272122000000001
2306,9000,300,631.2024,83.39632,14.475294000000002
2307,9300,300,635.9975999999999,85.23836999999999,12.307950000000002
2308,9600,300,599.9976,83.94162,12.9384
2309,9900,300,585.5976,88.22422,12.79179
2310,1200,200,1854.0,29.98219,66.079206
2311,1500,300,907.2,65.57166000000001,19.457118
2312,1800,300,239.9976,114.54492,12.744
2313,2100,300,59.9976,130.58472,6.263999999999999
2314,2400,300,671.9976,78.76393,21.098556000000002
2315,2700,300,890.4024,69.68136000000001,17.859312
2316,3000,300,756.0000000000001,80.80681000000001,15.857154000000001
2317,3300,300,372.00239999999997,101.87933,11.496762000000002
2318,3600,300,228.0024,119.31696000000001,6.650531999999999
2319,3900,300,568.8,84.03738,16.291152
2320,4200,300,743.9976,78.7227,16.008408
2321,4500,300,720.0,87.24667,14.111982000000001
2322,4800,300,614.3976,82.63689000000001,13.5
2323,5100,300,268.7976,118.40192,7.280334
2324,5400,300,364.8024,108.52268000000001,8.846064
2325,5700,300,700.7976,79.01796,15.127398
2326,6000,300,686.3976,83.6437,14.897196000000001
2327,6300,300,652.8024,80.88395,13.420566
2328,6600,300,496.79999999999995,99.98807,11.00871
2329,6900,300,336.0024,110.09474,8.1
2330,7200,300,441.59760000000006,101.98573,10.565208
2331,7500,300,763.2,70.63763,16.149078
2332,7800,300,576.0,95.095,11.519982
2333,8100,300,626.4,87.47010999999999,13.013784
2334,8400,300,487.2024,95.98610000000001,10.906379999999999
2335,8700,300,350.4024,105.65652999999999,8.728776000000002
2336,9000,300,628.7976000000001,88.04866000000001,13.396968
2337,9300,300,585.5976,81.53033,12.681144000000002
2338,9600,300,597.5999999999999,85.48442,13.077126
2339,9900,300,578.3976,81.71254,12.973446
2340,1200,200,1774.8,36.109500000000004,52.926588
2341,1500,300,871.1999999999999,70.48601000000001,17.821512
2342,1800,300,216.0,112.57386,14.759981999999999
2343,2100,300,57.6,129.98489,6.75
2344,2400,300,612.0,82.94279,20.22354
2345,2700,300,962.4024000000001,67.04397,21.182526
2346,3000,300,648.0,82.82176000000001,14.31999
2347,3300,300,321.6024,108.61843999999999,11.485097999999999
2348,3600,300,206.4024,120.79991,6.7813740000000005
2349,3900,300,624.0024000000001,84.92316,16.22079
2350,4200,300,741.6,68.86474,16.968906
2351,4500,300,590.4,80.84804,13.78539
2352,4800,300,568.8,84.09324,13.101264
2353,5100,300,249.60239999999996,116.73942,6.90579
2354,5400,300,417.59999999999997,99.79256,11.731014000000002
2355,5700,300,732.0024,80.94779,15.598008000000002
2356,6000,300,561.6,95.1083,11.861532
2357,6300,300,624.0024000000001,86.87427000000001,13.25079
2358,6600,300,460.8,95.01786000000001,11.109366000000001
2359,6900,300,321.6024,108.17555,7.61643
2360,7200,300,530.4024000000001,91.91763,12.388248
2361,7500,300,616.8024,86.10553,12.943206
2362,7800,300,585.5976,92.94971,11.906568000000002
2363,8100,300,607.1976000000001,88.80809,12.272742000000001
2364,8400,300,424.79999999999995,100.0559,10.31184
2365,8700,300,355.1976,107.95743,8.829756000000001
2366,9000,300,552.0024,87.04451,12.255678
2367,9300,300,599.9976,87.74941,12.744
2368,9600,300,631.2024,81.20581,13.900356
2369,9900,300,556.7976,88.39978,12.731904
2370,1200,200,1713.6,36.674749999999996,48.361752
2371,1500,300,912.0024,69.39009,19.084734
2372,1800,300,203.99760000000003,117.07192,13.087062000000001
2373,2100,300,45.5976,131.67,5.4
2374,2400,300,590.4,78.72137000000001,27.351216
2375,2700,300,832.8024,71.47153999999999,19.078956
2376,3000,300,729.5976,77.98854,15.95133
2377,3300,300,273.59999999999997,112.23737,10.231596
2378,3600,300,213.6024,119.75586,7.159535999999999
2379,3900,300,412.7976,97.72972999999999,12.15
2380,4200,300,782.4024,74.43079,16.166898
2381,4500,300,712.8000000000001,82.18867999999999,15.218172
2382,4800,300,506.39760000000007,91.95354,11.235078
2383,5100,300,239.9976,116.57051,7.506
2384,5400,300,328.8024,111.68276,7.96203
2385,5700,300,648.0,87.66296,13.660002
2386,6000,300,662.4,78.9488,14.458715999999999
2387,6300,300,599.9976,83.7767,13.3704
2388,6600,300,441.59760000000006,99.52922,10.858698
2389,6900,300,302.4,115.40011000000001,7.371432000000001
2390,7200,300,412.7976,102.6095,10.046538
2391,7500,300,652.8024,85.56023,13.857372000000002
2392,7800,300,664.7976,77.87016999999999,15.010812
2393,8100,300,537.6024,91.06643000000001,11.475
2394,8400,300,391.1976,101.42048,10.634382
2395,8700,300,321.6024,109.83273000000001,8.341812000000001
2396,9000,300,499.1976,95.51262,11.526948
2397,9300,300,681.6024,80.49825,15.401394000000002
2398,9600,300,544.8024,91.50533,11.204406
2399,9900,300,542.3976000000001,90.03834,11.612376000000001
